asset_id,entity_id,name,category,criticality,monitoring_expected,expected_telemetry,created_at
AST-00001,ENT-01,WORKSTATION-00001,WORKSTATION,CRITICAL,True,ENDPOINT_PROCESS,2023-09-03 00:00:00+00:00
AST-00002,ENT-01,SERVER-00002,SERVER,MEDIUM,True,ENDPOINT_PROCESS,2023-09-03 00:00:00+00:00
AST-00003,ENT-01,WORKSTATION-00003,WORKSTATION,HIGH,True,ENDPOINT_PROCESS,2023-09-03 00:00:00+00:00
AST-00004,ENT-01,CLOUD_WORKLOAD-00004,CLOUD_WORKLOAD,LOW,True,CLOUD_AUDIT,2023-09-03 00:00:00+00:00
AST-00005,ENT-01,CLOUD_WORKLOAD-00005,CLOUD_WORKLOAD,CRITICAL,True,CLOUD_AUDIT,2023-09-03 00:00:00+00:00
AST-00006,ENT-01,APPLICATION-00006,APPLICATION,HIGH,True,CLOUD_AUDIT,2023-09-03 00:00:00+00:00
AST-00007,ENT-01,SERVER-00007,SERVER,LOW,True,ENDPOINT_PROCESS,2023-09-03 00:00:00+00:00
AST-00008,ENT-01,SERVER-00008,SERVER,MEDIUM,True,ENDPOINT_PROCESS,2023-09-03 00:00:00+00:00
AST-00009,ENT-01,SERVER-00009,SERVER,LOW,True,ENDPOINT_PROCESS,2023-09-03 00:00:00+00:00
AST-00010,ENT-01,SERVER-00010,SERVER,MEDIUM,True,ENDPOINT_PROCESS,2023-09-03 00:00:00+00:00
AST-00011,ENT-01,SERVER-00011,SERVER,LOW,False,,2023-09-03 00:00:00+00:00
AST-00012,ENT-01,CLOUD_WORKLOAD-00012,CLOUD_WORKLOAD,LOW,True,CLOUD_AUDIT,2023-09-03 00:00:00+00:00
AST-00013,ENT-01,SERVER-00013,SERVER,HIGH,True,ENDPOINT_PROCESS,2023-09-03 00:00:00+00:00
AST-00014,ENT-01,WORKSTATION-00014,WORKSTATION,LOW,True,ENDPOINT_PROCESS,2023-09-03 00:00:00+00:00
AST-00015,ENT-01,IDENTITY_SERVICE-00015,IDENTITY_SERVICE,CRITICAL,True,AUTHENTICATION,2023-09-03 00:00:00+00:00
AST-00016,ENT-01,WORKSTATION-00016,WORKSTATION,LOW,True,ENDPOINT_PROCESS,2023-09-03 00:00:00+00:00
AST-00017,ENT-01,WORKSTATION-00017,WORKSTATION,LOW,False,,2023-09-03 00:00:00+00:00
AST-00018,ENT-01,SERVER-00018,SERVER,HIGH,True,ENDPOINT_PROCESS,2023-09-03 00:00:00+00:00
AST-00019,ENT-01,WORKSTATION-00019,WORKSTATION,LOW,True,ENDPOINT_PROCESS,2023-09-03 00:00:00+00:00
AST-00020,ENT-01,CLOUD_WORKLOAD-00020,CLOUD_WORKLOAD,LOW,True,CLOUD_AUDIT,2023-09-03 00:00:00+00:00
AST-00021,ENT-01,SERVER-00021,SERVER,MEDIUM,True,ENDPOINT_PROCESS,2023-09-03 00:00:00+00:00
AST-00022,ENT-01,APPLICATION-00022,APPLICATION,MEDIUM,True,CLOUD_AUDIT,2023-09-03 00:00:00+00:00
AST-00023,ENT-01,CLOUD_WORKLOAD-00023,CLOUD_WORKLOAD,HIGH,True,CLOUD_AUDIT,2023-09-03 00:00:00+00:00
AST-00024,ENT-01,APPLICATION-00024,APPLICATION,LOW,False,,2023-09-03 00:00:00+00:00
AST-00025,ENT-01,IDENTITY_SERVICE-00025,IDENTITY_SERVICE,CRITICAL,True,AUTHENTICATION,2023-09-03 00:00:00+00:00
AST-00026,ENT-01,CLOUD_WORKLOAD-00026,CLOUD_WORKLOAD,LOW,True,CLOUD_AUDIT,2023-09-03 00:00:00+00:00
AST-00027,ENT-01,IDENTITY_SERVICE-00027,IDENTITY_SERVICE,MEDIUM,False,,2023-09-03 00:00:00+00:00
AST-00028,ENT-01,CLOUD_WORKLOAD-00028,CLOUD_WORKLOAD,MEDIUM,True,CLOUD_AUDIT,2023-09-03 00:00:00+00:00
AST-00029,ENT-01,APPLICATION-00029,APPLICATION,LOW,True,CLOUD_AUDIT,2023-09-03 00:00:00+00:00
AST-00030,ENT-01,SERVER-00030,SERVER,LOW,True,ENDPOINT_PROCESS,2023-09-03 00:00:00+00:00
AST-00031,ENT-01,WORKSTATION-00031,WORKSTATION,HIGH,True,ENDPOINT_PROCESS,2023-09-03 00:00:00+00:00
AST-00032,ENT-01,WORKSTATION-00032,WORKSTATION,HIGH,True,ENDPOINT_PROCESS,2023-09-03 00:00:00+00:00
AST-00033,ENT-01,SERVER-00033,SERVER,MEDIUM,True,ENDPOINT_PROCESS,2023-09-03 00:00:00+00:00
AST-00034,ENT-01,CLOUD_WORKLOAD-00034,CLOUD_WORKLOAD,HIGH,True,CLOUD_AUDIT,2023-09-03 00:00:00+00:00
AST-00035,ENT-01,APPLICATION-00035,APPLICATION,MEDIUM,True,CLOUD_AUDIT,2023-09-03 00:00:00+00:00
AST-00036,ENT-01,IDENTITY_SERVICE-00036,IDENTITY_SERVICE,MEDIUM,True,AUTHENTICATION,2023-09-03 00:00:00+00:00
AST-00037,ENT-01,SERVER-00037,SERVER,LOW,False,,2023-09-03 00:00:00+00:00
AST-00038,ENT-01,CLOUD_WORKLOAD-00038,CLOUD_WORKLOAD,MEDIUM,False,,2023-09-03 00:00:00+00:00
AST-00039,ENT-01,CLOUD_WORKLOAD-00039,CLOUD_WORKLOAD,LOW,False,,2023-09-03 00:00:00+00:00
AST-00040,ENT-01,CLOUD_WORKLOAD-00040,CLOUD_WORKLOAD,MEDIUM,True,CLOUD_AUDIT,2023-09-03 00:00:00+00:00
AST-00041,ENT-01,WORKSTATION-00041,WORKSTATION,LOW,False,,2023-09-03 00:00:00+00:00
AST-00042,ENT-01,CLOUD_WORKLOAD-00042,CLOUD_WORKLOAD,MEDIUM,False,,2023-09-03 00:00:00+00:00
AST-00043,ENT-01,SERVER-00043,SERVER,MEDIUM,True,ENDPOINT_PROCESS,2023-09-03 00:00:00+00:00
AST-00044,ENT-01,SERVER-00044,SERVER,LOW,True,ENDPOINT_PROCESS,2023-09-03 00:00:00+00:00
AST-00045,ENT-01,SERVER-00045,SERVER,MEDIUM,True,ENDPOINT_PROCESS,2023-09-03 00:00:00+00:00
AST-00046,ENT-01,SERVER-00046,SERVER,MEDIUM,True,ENDPOINT_PROCESS,2023-09-03 00:00:00+00:00
AST-00047,ENT-01,CLOUD_WORKLOAD-00047,CLOUD_WORKLOAD,LOW,True,CLOUD_AUDIT,2023-09-03 00:00:00+00:00
AST-00048,ENT-01,CLOUD_WORKLOAD-00048,CLOUD_WORKLOAD,LOW,False,,2023-09-03 00:00:00+00:00
AST-00049,ENT-01,CLOUD_WORKLOAD-00049,CLOUD_WORKLOAD,CRITICAL,True,CLOUD_AUDIT,2023-09-03 00:00:00+00:00
AST-00050,ENT-01,IDENTITY_SERVICE-00050,IDENTITY_SERVICE,LOW,False,,2023-09-03 00:00:00+00:00
AST-00051,ENT-01,NETWORK_DEVICE-00051,NETWORK_DEVICE,LOW,True,NETWORK_FLOW,2023-09-03 00:00:00+00:00
AST-00052,ENT-01,CLOUD_WORKLOAD-00052,CLOUD_WORKLOAD,LOW,False,,2023-09-03 00:00:00+00:00
AST-00053,ENT-01,SERVER-00053,SERVER,MEDIUM,True,ENDPOINT_PROCESS,2023-09-03 00:00:00+00:00
AST-00054,ENT-01,WORKSTATION-00054,WORKSTATION,CRITICAL,True,ENDPOINT_PROCESS,2023-09-03 00:00:00+00:00
AST-00055,ENT-01,SERVER-00055,SERVER,LOW,True,ENDPOINT_PROCESS,2023-09-03 00:00:00+00:00
AST-00056,ENT-01,SERVER-00056,SERVER,MEDIUM,True,ENDPOINT_PROCESS,2023-09-03 00:00:00+00:00
AST-00057,ENT-01,NETWORK_DEVICE-00057,NETWORK_DEVICE,LOW,True,NETWORK_FLOW,2023-09-03 00:00:00+00:00
AST-00058,ENT-01,WORKSTATION-00058,WORKSTATION,LOW,True,ENDPOINT_PROCESS,2023-09-03 00:00:00+00:00
AST-00059,ENT-02,SERVER-00059,SERVER,MEDIUM,True,ENDPOINT_PROCESS,2023-09-03 00:00:00+00:00
AST-00060,ENT-02,SERVER-00060,SERVER,MEDIUM,True,ENDPOINT_PROCESS,2023-09-03 00:00:00+00:00
AST-00061,ENT-02,CLOUD_WORKLOAD-00061,CLOUD_WORKLOAD,MEDIUM,True,CLOUD_AUDIT,2023-09-03 00:00:00+00:00
AST-00062,ENT-02,WORKSTATION-00062,WORKSTATION,LOW,True,ENDPOINT_PROCESS,2023-09-03 00:00:00+00:00
AST-00063,ENT-02,WORKSTATION-00063,WORKSTATION,HIGH,True,ENDPOINT_PROCESS,2023-09-03 00:00:00+00:00
AST-00064,ENT-02,DATABASE-00064,DATABASE,LOW,True,FILE_INTEGRITY,2023-09-03 00:00:00+00:00
AST-00065,ENT-02,CLOUD_WORKLOAD-00065,CLOUD_WORKLOAD,MEDIUM,True,CLOUD_AUDIT,2023-09-03 00:00:00+00:00
AST-00066,ENT-02,CLOUD_WORKLOAD-00066,CLOUD_WORKLOAD,MEDIUM,True,CLOUD_AUDIT,2023-09-03 00:00:00+00:00
AST-00067,ENT-02,WORKSTATION-00067,WORKSTATION,HIGH,True,ENDPOINT_PROCESS,2023-09-03 00:00:00+00:00
AST-00068,ENT-02,WORKSTATION-00068,WORKSTATION,HIGH,True,ENDPOINT_PROCESS,2023-09-03 00:00:00+00:00
AST-00069,ENT-02,WORKSTATION-00069,WORKSTATION,LOW,True,ENDPOINT_PROCESS,2023-09-03 00:00:00+00:00
AST-00070,ENT-02,SERVER-00070,SERVER,LOW,True,ENDPOINT_PROCESS,2023-09-03 00:00:00+00:00
AST-00071,ENT-02,APPLICATION-00071,APPLICATION,MEDIUM,True,CLOUD_AUDIT,2023-09-03 00:00:00+00:00
AST-00072,ENT-02,CLOUD_WORKLOAD-00072,CLOUD_WORKLOAD,LOW,True,CLOUD_AUDIT,2023-09-03 00:00:00+00:00
AST-00073,ENT-02,WORKSTATION-00073,WORKSTATION,LOW,True,ENDPOINT_PROCESS,2023-09-03 00:00:00+00:00
AST-00074,ENT-02,WORKSTATION-00074,WORKSTATION,LOW,False,,2023-09-03 00:00:00+00:00
AST-00075,ENT-02,WORKSTATION-00075,WORKSTATION,LOW,True,ENDPOINT_PROCESS,2023-09-03 00:00:00+00:00
AST-00076,ENT-02,NETWORK_DEVICE-00076,NETWORK_DEVICE,CRITICAL,True,NETWORK_FLOW,2023-09-03 00:00:00+00:00
AST-00077,ENT-02,DATABASE-00077,DATABASE,HIGH,True,FILE_INTEGRITY,2023-09-03 00:00:00+00:00
AST-00078,ENT-02,WORKSTATION-00078,WORKSTATION,LOW,False,,2023-09-03 00:00:00+00:00
AST-00079,ENT-02,DATABASE-00079,DATABASE,CRITICAL,True,FILE_INTEGRITY,2023-09-03 00:00:00+00:00
AST-00080,ENT-02,SERVER-00080,SERVER,LOW,True,ENDPOINT_PROCESS,2023-09-03 00:00:00+00:00
AST-00081,ENT-02,IDENTITY_SERVICE-00081,IDENTITY_SERVICE,LOW,True,AUTHENTICATION,2023-09-03 00:00:00+00:00
AST-00082,ENT-02,WORKSTATION-00082,WORKSTATION,MEDIUM,True,ENDPOINT_PROCESS,2023-09-03 00:00:00+00:00
AST-00083,ENT-02,APPLICATION-00083,APPLICATION,LOW,False,,2023-09-03 00:00:00+00:00
AST-00084,ENT-02,IDENTITY_SERVICE-00084,IDENTITY_SERVICE,MEDIUM,True,AUTHENTICATION,2023-09-03 00:00:00+00:00
AST-00085,ENT-02,WORKSTATION-00085,WORKSTATION,HIGH,True,ENDPOINT_PROCESS,2023-09-03 00:00:00+00:00
AST-00086,ENT-02,SERVER-00086,SERVER,HIGH,True,ENDPOINT_PROCESS,2023-09-03 00:00:00+00:00
AST-00087,ENT-03,NETWORK_DEVICE-00087,NETWORK_DEVICE,LOW,False,,2023-09-03 00:00:00+00:00
AST-00088,ENT-03,NETWORK_DEVICE-00088,NETWORK_DEVICE,CRITICAL,True,NETWORK_FLOW,2023-09-03 00:00:00+00:00
AST-00089,ENT-03,SERVER-00089,SERVER,MEDIUM,True,ENDPOINT_PROCESS,2023-09-03 00:00:00+00:00
AST-00090,ENT-03,SERVER-00090,SERVER,HIGH,True,ENDPOINT_PROCESS,2023-09-03 00:00:00+00:00
AST-00091,ENT-03,APPLICATION-00091,APPLICATION,LOW,False,,2023-09-03 00:00:00+00:00
AST-00092,ENT-03,SERVER-00092,SERVER,MEDIUM,True,ENDPOINT_PROCESS,2023-09-03 00:00:00+00:00
AST-00093,ENT-03,CLOUD_WORKLOAD-00093,CLOUD_WORKLOAD,MEDIUM,True,CLOUD_AUDIT,2023-09-03 00:00:00+00:00
AST-00094,ENT-03,WORKSTATION-00094,WORKSTATION,LOW,False,,2023-09-03 00:00:00+00:00
AST-00095,ENT-03,WORKSTATION-00095,WORKSTATION,HIGH,True,ENDPOINT_PROCESS,2023-09-03 00:00:00+00:00
AST-00096,ENT-03,SERVER-00096,SERVER,LOW,True,ENDPOINT_PROCESS,2023-09-03 00:00:00+00:00
AST-00097,ENT-03,WORKSTATION-00097,WORKSTATION,LOW,False,,2023-09-03 00:00:00+00:00
AST-00098,ENT-03,APPLICATION-00098,APPLICATION,CRITICAL,True,CLOUD_AUDIT,2023-09-03 00:00:00+00:00
AST-00099,ENT-03,WORKSTATION-00099,WORKSTATION,LOW,True,ENDPOINT_PROCESS,2023-09-03 00:00:00+00:00
AST-00100,ENT-03,SERVER-00100,SERVER,LOW,True,ENDPOINT_PROCESS,2023-09-03 00:00:00+00:00
AST-00101,ENT-03,SERVER-00101,SERVER,LOW,False,,2023-09-03 00:00:00+00:00
AST-00102,ENT-03,APPLICATION-00102,APPLICATION,LOW,True,CLOUD_AUDIT,2023-09-03 00:00:00+00:00
AST-00103,ENT-03,CLOUD_WORKLOAD-00103,CLOUD_WORKLOAD,MEDIUM,True,CLOUD_AUDIT,2023-09-03 00:00:00+00:00
AST-00104,ENT-03,CLOUD_WORKLOAD-00104,CLOUD_WORKLOAD,HIGH,True,CLOUD_AUDIT,2023-09-03 00:00:00+00:00
AST-00105,ENT-03,WORKSTATION-00105,WORKSTATION,LOW,False,,2023-09-03 00:00:00+00:00
AST-00106,ENT-03,WORKSTATION-00106,WORKSTATION,MEDIUM,False,,2023-09-03 00:00:00+00:00
AST-00107,ENT-03,CLOUD_WORKLOAD-00107,CLOUD_WORKLOAD,HIGH,True,CLOUD_AUDIT,2023-09-03 00:00:00+00:00
AST-00108,ENT-03,WORKSTATION-00108,WORKSTATION,MEDIUM,True,ENDPOINT_PROCESS,2023-09-03 00:00:00+00:00
AST-00109,ENT-03,CLOUD_WORKLOAD-00109,CLOUD_WORKLOAD,HIGH,True,CLOUD_AUDIT,2023-09-03 00:00:00+00:00
AST-00110,ENT-03,WORKSTATION-00110,WORKSTATION,LOW,False,,2023-09-03 00:00:00+00:00
AST-00111,ENT-03,SERVER-00111,SERVER,MEDIUM,True,ENDPOINT_PROCESS,2023-09-03 00:00:00+00:00
AST-00112,ENT-03,WORKSTATION-00112,WORKSTATION,LOW,False,,2023-09-03 00:00:00+00:00
AST-00113,ENT-03,NETWORK_DEVICE-00113,NETWORK_DEVICE,MEDIUM,True,NETWORK_FLOW,2023-09-03 00:00:00+00:00
AST-00114,ENT-03,CLOUD_WORKLOAD-00114,CLOUD_WORKLOAD,LOW,True,CLOUD_AUDIT,2023-09-03 00:00:00+00:00
AST-00115,ENT-03,SERVER-00115,SERVER,LOW,True,ENDPOINT_PROCESS,2023-09-03 00:00:00+00:00
AST-00116,ENT-03,SERVER-00116,SERVER,HIGH,True,ENDPOINT_PROCESS,2023-09-03 00:00:00+00:00
AST-00117,ENT-03,CLOUD_WORKLOAD-00117,CLOUD_WORKLOAD,LOW,True,CLOUD_AUDIT,2023-09-03 00:00:00+00:00
AST-00118,ENT-03,NETWORK_DEVICE-00118,NETWORK_DEVICE,CRITICAL,True,NETWORK_FLOW,2023-09-03 00:00:00+00:00
AST-00119,ENT-03,CLOUD_WORKLOAD-00119,CLOUD_WORKLOAD,MEDIUM,True,CLOUD_AUDIT,2023-09-03 00:00:00+00:00
AST-00120,ENT-03,IDENTITY_SERVICE-00120,IDENTITY_SERVICE,HIGH,True,AUTHENTICATION,2023-09-03 00:00:00+00:00
AST-00121,ENT-03,APPLICATION-00121,APPLICATION,MEDIUM,True,CLOUD_AUDIT,2023-09-03 00:00:00+00:00
AST-00122,ENT-03,SERVER-00122,SERVER,HIGH,True,ENDPOINT_PROCESS,2023-09-03 00:00:00+00:00
AST-00123,ENT-03,SERVER-00123,SERVER,LOW,False,,2023-09-03 00:00:00+00:00
AST-00124,ENT-03,WORKSTATION-00124,WORKSTATION,CRITICAL,True,ENDPOINT_PROCESS,2023-09-03 00:00:00+00:00
AST-00125,ENT-03,CLOUD_WORKLOAD-00125,CLOUD_WORKLOAD,MEDIUM,True,CLOUD_AUDIT,2023-09-03 00:00:00+00:00
AST-00126,ENT-03,NETWORK_DEVICE-00126,NETWORK_DEVICE,LOW,True,NETWORK_FLOW,2023-09-03 00:00:00+00:00
AST-00127,ENT-03,SERVER-00127,SERVER,LOW,False,,2023-09-03 00:00:00+00:00
AST-00128,ENT-03,CLOUD_WORKLOAD-00128,CLOUD_WORKLOAD,LOW,False,,2023-09-03 00:00:00+00:00
AST-00129,ENT-03,WORKSTATION-00129,WORKSTATION,MEDIUM,True,ENDPOINT_PROCESS,2023-09-03 00:00:00+00:00
AST-00130,ENT-03,WORKSTATION-00130,WORKSTATION,CRITICAL,True,ENDPOINT_PROCESS,2023-09-03 00:00:00+00:00
AST-00131,ENT-03,NETWORK_DEVICE-00131,NETWORK_DEVICE,LOW,True,NETWORK_FLOW,2023-09-03 00:00:00+00:00
AST-00132,ENT-03,APPLICATION-00132,APPLICATION,LOW,True,CLOUD_AUDIT,2023-09-03 00:00:00+00:00
AST-00133,ENT-03,WORKSTATION-00133,WORKSTATION,LOW,True,ENDPOINT_PROCESS,2023-09-03 00:00:00+00:00
AST-00134,ENT-03,WORKSTATION-00134,WORKSTATION,LOW,False,,2023-09-03 00:00:00+00:00
AST-00135,ENT-03,SERVER-00135,SERVER,MEDIUM,True,ENDPOINT_PROCESS,2023-09-03 00:00:00+00:00
AST-00136,ENT-03,WORKSTATION-00136,WORKSTATION,LOW,True,ENDPOINT_PROCESS,2023-09-03 00:00:00+00:00
AST-00137,ENT-04,WORKSTATION-00137,WORKSTATION,MEDIUM,True,ENDPOINT_PROCESS,2023-09-03 00:00:00+00:00
AST-00138,ENT-04,NETWORK_DEVICE-00138,NETWORK_DEVICE,LOW,True,NETWORK_FLOW,2023-09-03 00:00:00+00:00
AST-00139,ENT-04,APPLICATION-00139,APPLICATION,CRITICAL,True,CLOUD_AUDIT,2023-09-03 00:00:00+00:00
AST-00140,ENT-04,IDENTITY_SERVICE-00140,IDENTITY_SERVICE,LOW,True,AUTHENTICATION,2023-09-03 00:00:00+00:00
AST-00141,ENT-04,WORKSTATION-00141,WORKSTATION,MEDIUM,True,ENDPOINT_PROCESS,2023-09-03 00:00:00+00:00
AST-00142,ENT-04,SERVER-00142,SERVER,CRITICAL,True,ENDPOINT_PROCESS,2023-09-03 00:00:00+00:00
AST-00143,ENT-04,DATABASE-00143,DATABASE,MEDIUM,True,FILE_INTEGRITY,2023-09-03 00:00:00+00:00
AST-00144,ENT-04,WORKSTATION-00144,WORKSTATION,LOW,True,ENDPOINT_PROCESS,2023-09-03 00:00:00+00:00
AST-00145,ENT-04,DATABASE-00145,DATABASE,MEDIUM,True,FILE_INTEGRITY,2023-09-03 00:00:00+00:00
AST-00146,ENT-04,WORKSTATION-00146,WORKSTATION,LOW,False,,2023-09-03 00:00:00+00:00
AST-00147,ENT-04,SERVER-00147,SERVER,HIGH,True,ENDPOINT_PROCESS,2023-09-03 00:00:00+00:00
AST-00148,ENT-04,WORKSTATION-00148,WORKSTATION,MEDIUM,True,ENDPOINT_PROCESS,2023-09-03 00:00:00+00:00
AST-00149,ENT-04,CLOUD_WORKLOAD-00149,CLOUD_WORKLOAD,MEDIUM,True,CLOUD_AUDIT,2023-09-03 00:00:00+00:00
AST-00150,ENT-04,WORKSTATION-00150,WORKSTATION,CRITICAL,True,ENDPOINT_PROCESS,2023-09-03 00:00:00+00:00
AST-00151,ENT-04,APPLICATION-00151,APPLICATION,LOW,True,CLOUD_AUDIT,2023-09-03 00:00:00+00:00
AST-00152,ENT-04,SERVER-00152,SERVER,LOW,False,,2023-09-03 00:00:00+00:00
AST-00153,ENT-04,CLOUD_WORKLOAD-00153,CLOUD_WORKLOAD,MEDIUM,True,CLOUD_AUDIT,2023-09-03 00:00:00+00:00
AST-00154,ENT-04,WORKSTATION-00154,WORKSTATION,LOW,True,ENDPOINT_PROCESS,2023-09-03 00:00:00+00:00
AST-00155,ENT-04,SERVER-00155,SERVER,MEDIUM,True,ENDPOINT_PROCESS,2023-09-03 00:00:00+00:00
AST-00156,ENT-04,SERVER-00156,SERVER,LOW,False,,2023-09-03 00:00:00+00:00
AST-00157,ENT-04,WORKSTATION-00157,WORKSTATION,CRITICAL,True,ENDPOINT_PROCESS,2023-09-03 00:00:00+00:00
AST-00158,ENT-04,DATABASE-00158,DATABASE,CRITICAL,True,FILE_INTEGRITY,2023-09-03 00:00:00+00:00
AST-00159,ENT-04,WORKSTATION-00159,WORKSTATION,LOW,False,,2023-09-03 00:00:00+00:00
AST-00160,ENT-04,IDENTITY_SERVICE-00160,IDENTITY_SERVICE,MEDIUM,True,AUTHENTICATION,2023-09-03 00:00:00+00:00
AST-00161,ENT-04,NETWORK_DEVICE-00161,NETWORK_DEVICE,LOW,False,,2023-09-03 00:00:00+00:00
AST-00162,ENT-05,WORKSTATION-00162,WORKSTATION,MEDIUM,True,ENDPOINT_PROCESS,2023-09-03 00:00:00+00:00
AST-00163,ENT-05,WORKSTATION-00163,WORKSTATION,CRITICAL,True,ENDPOINT_PROCESS,2023-09-03 00:00:00+00:00
AST-00164,ENT-05,WORKSTATION-00164,WORKSTATION,LOW,True,ENDPOINT_PROCESS,2023-09-03 00:00:00+00:00
AST-00165,ENT-05,WORKSTATION-00165,WORKSTATION,CRITICAL,True,ENDPOINT_PROCESS,2023-09-03 00:00:00+00:00
AST-00166,ENT-05,NETWORK_DEVICE-00166,NETWORK_DEVICE,LOW,False,,2023-09-03 00:00:00+00:00
AST-00167,ENT-05,WORKSTATION-00167,WORKSTATION,MEDIUM,True,ENDPOINT_PROCESS,2023-09-03 00:00:00+00:00
AST-00168,ENT-05,APPLICATION-00168,APPLICATION,LOW,False,,2023-09-03 00:00:00+00:00
AST-00169,ENT-05,WORKSTATION-00169,WORKSTATION,LOW,False,,2023-09-03 00:00:00+00:00
AST-00170,ENT-05,WORKSTATION-00170,WORKSTATION,LOW,True,ENDPOINT_PROCESS,2023-09-03 00:00:00+00:00
AST-00171,ENT-05,APPLICATION-00171,APPLICATION,LOW,True,CLOUD_AUDIT,2023-09-03 00:00:00+00:00
AST-00172,ENT-05,WORKSTATION-00172,WORKSTATION,MEDIUM,True,ENDPOINT_PROCESS,2023-09-03 00:00:00+00:00
AST-00173,ENT-05,WORKSTATION-00173,WORKSTATION,CRITICAL,True,ENDPOINT_PROCESS,2023-09-03 00:00:00+00:00
AST-00174,ENT-05,APPLICATION-00174,APPLICATION,MEDIUM,True,CLOUD_AUDIT,2023-09-03 00:00:00+00:00
AST-00175,ENT-05,SERVER-00175,SERVER,MEDIUM,True,ENDPOINT_PROCESS,2023-09-03 00:00:00+00:00
AST-00176,ENT-05,WORKSTATION-00176,WORKSTATION,LOW,True,ENDPOINT_PROCESS,2023-09-03 00:00:00+00:00
AST-00177,ENT-05,WORKSTATION-00177,WORKSTATION,MEDIUM,True,ENDPOINT_PROCESS,2023-09-03 00:00:00+00:00
AST-00178,ENT-05,WORKSTATION-00178,WORKSTATION,LOW,False,,2023-09-03 00:00:00+00:00
AST-00179,ENT-05,WORKSTATION-00179,WORKSTATION,LOW,True,ENDPOINT_PROCESS,2023-09-03 00:00:00+00:00
AST-00180,ENT-05,CLOUD_WORKLOAD-00180,CLOUD_WORKLOAD,MEDIUM,True,CLOUD_AUDIT,2023-09-03 00:00:00+00:00
AST-00181,ENT-05,IDENTITY_SERVICE-00181,IDENTITY_SERVICE,MEDIUM,True,AUTHENTICATION,2023-09-03 00:00:00+00:00
AST-00182,ENT-05,IDENTITY_SERVICE-00182,IDENTITY_SERVICE,CRITICAL,True,AUTHENTICATION,2023-09-03 00:00:00+00:00
AST-00183,ENT-05,WORKSTATION-00183,WORKSTATION,LOW,True,ENDPOINT_PROCESS,2023-09-03 00:00:00+00:00
AST-00184,ENT-05,WORKSTATION-00184,WORKSTATION,CRITICAL,True,ENDPOINT_PROCESS,2023-09-03 00:00:00+00:00
AST-00185,ENT-05,SERVER-00185,SERVER,MEDIUM,True,ENDPOINT_PROCESS,2023-09-03 00:00:00+00:00
AST-00186,ENT-05,CLOUD_WORKLOAD-00186,CLOUD_WORKLOAD,MEDIUM,False,,2023-09-03 00:00:00+00:00
AST-00187,ENT-05,WORKSTATION-00187,WORKSTATION,MEDIUM,True,ENDPOINT_PROCESS,2023-09-03 00:00:00+00:00
AST-00188,ENT-05,SERVER-00188,SERVER,LOW,True,ENDPOINT_PROCESS,2023-09-03 00:00:00+00:00
AST-00189,ENT-05,NETWORK_DEVICE-00189,NETWORK_DEVICE,LOW,True,NETWORK_FLOW,2023-09-03 00:00:00+00:00
AST-00190,ENT-05,WORKSTATION-00190,WORKSTATION,MEDIUM,True,ENDPOINT_PROCESS,2023-09-03 00:00:00+00:00
AST-00191,ENT-06,WORKSTATION-00191,WORKSTATION,HIGH,True,ENDPOINT_PROCESS,2023-09-03 00:00:00+00:00
AST-00192,ENT-06,CLOUD_WORKLOAD-00192,CLOUD_WORKLOAD,LOW,True,CLOUD_AUDIT,2023-09-03 00:00:00+00:00
AST-00193,ENT-06,WORKSTATION-00193,WORKSTATION,LOW,True,ENDPOINT_PROCESS,2023-09-03 00:00:00+00:00
AST-00194,ENT-06,WORKSTATION-00194,WORKSTATION,LOW,True,ENDPOINT_PROCESS,2023-09-03 00:00:00+00:00
AST-00195,ENT-06,WORKSTATION-00195,WORKSTATION,HIGH,True,ENDPOINT_PROCESS,2023-09-03 00:00:00+00:00
AST-00196,ENT-06,SERVER-00196,SERVER,LOW,True,ENDPOINT_PROCESS,2023-09-03 00:00:00+00:00
AST-00197,ENT-06,SERVER-00197,SERVER,LOW,False,,2023-09-03 00:00:00+00:00
AST-00198,ENT-06,SERVER-00198,SERVER,LOW,True,ENDPOINT_PROCESS,2023-09-03 00:00:00+00:00
AST-00199,ENT-06,SERVER-00199,SERVER,MEDIUM,True,ENDPOINT_PROCESS,2023-09-03 00:00:00+00:00
AST-00200,ENT-06,NETWORK_DEVICE-00200,NETWORK_DEVICE,LOW,True,NETWORK_FLOW,2023-09-03 00:00:00+00:00
AST-00201,ENT-06,DATABASE-00201,DATABASE,LOW,True,FILE_INTEGRITY,2023-09-03 00:00:00+00:00
AST-00202,ENT-06,SERVER-00202,SERVER,CRITICAL,True,ENDPOINT_PROCESS,2023-09-03 00:00:00+00:00
AST-00203,ENT-02,APPLICATION-00203,APPLICATION,HIGH,True,CLOUD_AUDIT,2023-09-03 00:00:00+00:00
AST-00204,ENT-04,APPLICATION-00204,APPLICATION,HIGH,True,CLOUD_AUDIT,2023-09-03 00:00:00+00:00
AST-00205,ENT-01,DATABASE-00205,DATABASE,CRITICAL,True,FILE_INTEGRITY,2023-09-03 00:00:00+00:00
AST-00206,ENT-03,DATABASE-00206,DATABASE,CRITICAL,True,FILE_INTEGRITY,2023-09-03 00:00:00+00:00
AST-00207,ENT-04,IDENTITY_SERVICE-00207,IDENTITY_SERVICE,HIGH,True,AUTHENTICATION,2023-09-03 00:00:00+00:00
AST-00208,ENT-05,IDENTITY_SERVICE-00208,IDENTITY_SERVICE,HIGH,True,AUTHENTICATION,2023-09-03 00:00:00+00:00
AST-00209,ENT-03,WORKSTATION-00209,WORKSTATION,MEDIUM,True,ENDPOINT_PROCESS,2023-09-03 00:00:00+00:00
AST-00210,ENT-04,CLOUD_WORKLOAD-00210,CLOUD_WORKLOAD,HIGH,True,CLOUD_AUDIT,2023-09-03 00:00:00+00:00
