escalation_id,alert_id,investigation_id,created_at,target,reason,status,resolved_at
ESC-00001,ALR-000005,INV-000003,2024-01-18 06:24:34.224291+00:00,THREAT_HUNTING,SEVERITY,RESOLVED,2024-01-18 07:28:45.507886+00:00
ESC-00002,ALR-000007,INV-000004,2024-01-20 23:07:06.016970+00:00,INCIDENT_RESPONSE,SEVERITY,PENDING,
ESC-00003,ALR-000010,INV-000005,2024-01-09 12:23:51.343220+00:00,TIER3,SEVERITY,ACCEPTED,
ESC-00004,ALR-000014,INV-000009,2024-01-26 08:15:29.419693+00:00,TIER2,COMPLEXITY,RESOLVED,2024-01-26 08:58:07.245304+00:00
ESC-00005,ALR-000015,INV-000010,2024-01-09 04:26:23.876297+00:00,TIER2,SEVERITY,ACCEPTED,
ESC-00006,ALR-000019,INV-000011,2024-01-20 03:12:25.870949+00:00,TIER3,CONFIRMED_INCIDENT,RESOLVED,2024-01-20 03:42:38.723771+00:00
ESC-00007,ALR-000020,INV-000012,2024-01-19 08:05:49.448630+00:00,INCIDENT_RESPONSE,CONFIRMED_INCIDENT,RESOLVED,2024-01-19 09:16:45.959634+00:00
ESC-00008,ALR-000024,INV-000016,2024-01-24 11:44:48.338103+00:00,TIER3,SEVERITY,RESOLVED,2024-01-24 14:11:07.897998+00:00
ESC-00009,ALR-000025,INV-000017,2024-01-10 11:18:08.967923+00:00,TIER2,COMPLEXITY,RESOLVED,2024-01-10 11:38:05.701378+00:00
ESC-00010,ALR-000026,INV-000018,2024-01-25 04:49:41.811126+00:00,TIER2,SEVERITY,ACCEPTED,
ESC-00011,ALR-000031,INV-000019,2024-01-30 16:03:02.985007+00:00,INCIDENT_RESPONSE,CONFIRMED_INCIDENT,PENDING,
ESC-00012,ALR-000037,INV-000023,2024-02-26 14:50:17.998380+00:00,MANAGEMENT,CONFIRMED_INCIDENT,RESOLVED,2024-02-26 15:29:48.319223+00:00
ESC-00013,ALR-000040,INV-000025,2024-02-27 21:35:24.010058+00:00,TIER2,SEVERITY,RESOLVED,2024-02-27 23:00:06.825561+00:00
ESC-00014,ALR-000042,INV-000027,2024-02-05 08:46:32.151016+00:00,MANAGEMENT,CONFIRMED_INCIDENT,RESOLVED,2024-02-05 09:37:25.796751+00:00
ESC-00015,ALR-000048,INV-000032,2024-02-15 13:54:30.564375+00:00,INCIDENT_RESPONSE,CONFIRMED_INCIDENT,RESOLVED,2024-02-15 14:47:01.785132+00:00
ESC-00016,ALR-000060,INV-000040,2024-02-18 04:25:38.449593+00:00,TIER2,SLA_RISK,ACCEPTED,
ESC-00017,ALR-000068,INV-000045,2024-03-05 12:22:14.413326+00:00,INCIDENT_RESPONSE,CONFIRMED_INCIDENT,RESOLVED,2024-03-05 12:38:04.395947+00:00
ESC-00018,ALR-000070,INV-000047,2024-03-26 14:33:52.974778+00:00,TIER2,SEVERITY,RESOLVED,2024-03-26 15:29:29.627974+00:00
ESC-00019,ALR-000072,INV-000048,2024-03-16 13:21:42.091345+00:00,TIER2,SEVERITY,REJECTED,
ESC-00020,ALR-000076,INV-000051,2024-03-31 09:51:20.646883+00:00,INCIDENT_RESPONSE,CONFIRMED_INCIDENT,ACCEPTED,
ESC-00021,ALR-000078,INV-000053,2024-03-17 05:51:37.831238+00:00,INCIDENT_RESPONSE,CONFIRMED_INCIDENT,RESOLVED,2024-03-17 06:31:23.496814+00:00
ESC-00022,ALR-000080,INV-000054,2024-03-22 10:49:45.884137+00:00,INCIDENT_RESPONSE,CONFIRMED_INCIDENT,PENDING,
ESC-00023,ALR-000081,INV-000055,2024-03-20 04:21:58.985583+00:00,INCIDENT_RESPONSE,CONFIRMED_INCIDENT,RESOLVED,2024-03-20 04:47:14.803775+00:00
ESC-00024,ALR-000083,INV-000057,2024-03-01 18:59:10.162720+00:00,TIER2,SLA_RISK,RESOLVED,2024-03-01 20:11:09.409032+00:00
ESC-00025,ALR-000089,INV-000063,2024-03-07 14:13:15.834403+00:00,TIER3,COMPLEXITY,RESOLVED,2024-03-07 16:25:01.567334+00:00
ESC-00026,ALR-000096,INV-000068,2024-04-13 21:16:58.746773+00:00,INCIDENT_RESPONSE,CONFIRMED_INCIDENT,RESOLVED,2024-04-13 22:12:46.385409+00:00
ESC-00027,ALR-000098,INV-000069,2024-05-01 00:05:55.972848+00:00,TIER2,SLA_RISK,RESOLVED,2024-05-01 01:08:58.931914+00:00
ESC-00028,ALR-000110,INV-000076,2024-04-21 10:05:47.286493+00:00,INCIDENT_RESPONSE,CONFIRMED_INCIDENT,RESOLVED,2024-04-21 11:24:24.506465+00:00
ESC-00029,ALR-000121,INV-000082,2024-04-27 09:32:43.778896+00:00,TIER3,COMPLEXITY,RESOLVED,2024-04-27 11:06:51.594901+00:00
ESC-00030,ALR-000128,INV-000086,2024-04-13 08:48:29.274676+00:00,TIER3,SEVERITY,RESOLVED,2024-04-13 10:44:46.646141+00:00
ESC-00031,ALR-000131,INV-000088,2024-04-19 14:59:00.526234+00:00,TIER2,SEVERITY,RESOLVED,2024-04-19 15:49:36.780157+00:00
ESC-00032,ALR-000133,INV-000089,2024-04-27 00:23:55.942042+00:00,TIER3,POLICY,PENDING,
ESC-00033,ALR-000135,INV-000090,2024-04-07 02:38:01.108010+00:00,INCIDENT_RESPONSE,CONFIRMED_INCIDENT,RESOLVED,2024-04-07 04:07:07.760955+00:00
ESC-00034,ALR-000152,INV-000099,2024-05-08 10:18:53.835769+00:00,INCIDENT_RESPONSE,CONFIRMED_INCIDENT,RESOLVED,2024-05-08 10:43:33.582903+00:00
ESC-00035,ALR-000157,INV-000102,2024-05-14 18:40:34.565693+00:00,TIER3,SLA_RISK,RESOLVED,2024-05-14 19:45:14.076083+00:00
ESC-00036,ALR-000161,INV-000103,2024-05-15 01:10:28.973921+00:00,TIER3,POLICY,RESOLVED,2024-05-15 01:42:52.579287+00:00
ESC-00037,ALR-000163,INV-000105,2024-05-06 06:37:44.036224+00:00,TIER2,SLA_RISK,RESOLVED,2024-05-06 08:29:44.744065+00:00
ESC-00038,ALR-000175,INV-000111,2024-06-19 19:03:15.170617+00:00,TIER2,COMPLEXITY,PENDING,
ESC-00039,ALR-000177,INV-000113,2024-06-01 01:12:48.631395+00:00,INCIDENT_RESPONSE,CONFIRMED_INCIDENT,ACCEPTED,
ESC-00040,ALR-000183,INV-000118,2024-06-13 11:33:52.900317+00:00,TIER2,SLA_RISK,RESOLVED,2024-06-13 12:23:36.495636+00:00
ESC-00041,ALR-000185,INV-000119,2024-06-17 22:40:28.453756+00:00,INCIDENT_RESPONSE,SEVERITY,ACCEPTED,
ESC-00042,ALR-000189,INV-000122,2024-06-21 03:18:37.409216+00:00,TIER3,SEVERITY,RESOLVED,2024-06-21 03:40:02.154588+00:00
ESC-00043,ALR-000191,INV-000124,2024-06-16 00:53:22.696168+00:00,INCIDENT_RESPONSE,CONFIRMED_INCIDENT,ACCEPTED,
ESC-00044,ALR-000197,INV-000126,2024-06-28 16:09:47.374886+00:00,TIER2,COMPLEXITY,REJECTED,
ESC-00045,ALR-000198,INV-000127,2024-06-09 22:35:37.428069+00:00,INCIDENT_RESPONSE,CONFIRMED_INCIDENT,RESOLVED,2024-06-10 01:04:52.336454+00:00
ESC-00046,ALR-000199,INV-000128,2024-06-19 10:27:19.453745+00:00,TIER3,SEVERITY,PENDING,
ESC-00047,ALR-000203,INV-000129,2024-01-29 01:10:21.512131+00:00,TIER2,COMPLEXITY,RESOLVED,2024-01-29 02:07:42.860681+00:00
ESC-00048,ALR-000207,INV-000132,2024-01-26 06:34:33.605415+00:00,TIER2,SEVERITY,RESOLVED,2024-01-26 07:04:27.407059+00:00
ESC-00049,ALR-000210,INV-000134,2024-01-09 12:45:01.783052+00:00,MANAGEMENT,CONFIRMED_INCIDENT,RESOLVED,2024-01-09 13:39:31.802920+00:00
ESC-00050,ALR-000211,INV-000135,2024-01-18 16:36:47.831536+00:00,MANAGEMENT,CONFIRMED_INCIDENT,RESOLVED,2024-01-18 17:06:34.042594+00:00
ESC-00051,ALR-000216,INV-000138,2024-02-12 10:39:21.346308+00:00,TIER2,SEVERITY,RESOLVED,2024-02-12 13:13:45.946878+00:00
ESC-00052,ALR-000217,INV-000139,2024-02-04 05:44:15.512067+00:00,INCIDENT_RESPONSE,CONFIRMED_INCIDENT,RESOLVED,2024-02-04 06:37:26.181030+00:00
ESC-00053,ALR-000218,INV-000140,2024-02-28 06:14:15.626580+00:00,TIER3,SEVERITY,RESOLVED,2024-02-28 06:47:22.882094+00:00
ESC-00054,ALR-000232,INV-000149,2024-03-28 03:09:07.146119+00:00,TIER3,SEVERITY,RESOLVED,2024-03-28 04:54:12.802864+00:00
ESC-00055,ALR-000234,INV-000150,2024-03-22 10:13:26.188546+00:00,TIER2,COMPLEXITY,ACCEPTED,
ESC-00056,ALR-000236,INV-000152,2024-03-28 00:57:07.954280+00:00,MANAGEMENT,CONFIRMED_INCIDENT,RESOLVED,2024-03-28 01:22:56.934622+00:00
ESC-00057,ALR-000237,INV-000153,2024-03-30 17:43:49.442901+00:00,TIER2,COMPLEXITY,RESOLVED,2024-03-30 20:53:00.443304+00:00
ESC-00058,ALR-000244,INV-000158,2024-03-03 17:41:12.211030+00:00,INCIDENT_RESPONSE,CONFIRMED_INCIDENT,RESOLVED,2024-03-03 18:50:09.890942+00:00
ESC-00059,ALR-000251,INV-000163,2024-04-09 18:37:11.398023+00:00,TIER3,CONFIRMED_INCIDENT,RESOLVED,2024-04-09 19:00:02.534144+00:00
ESC-00060,ALR-000253,INV-000165,2024-04-27 22:00:13.623974+00:00,TIER2,COMPLEXITY,RESOLVED,2024-04-27 22:15:02.920406+00:00
ESC-00061,ALR-000255,INV-000166,2024-04-11 14:35:06.617032+00:00,TIER3,POLICY,RESOLVED,2024-04-11 15:09:31.385857+00:00
ESC-00062,ALR-000256,INV-000167,2024-04-22 21:52:59.001411+00:00,INCIDENT_RESPONSE,SEVERITY,RESOLVED,2024-04-22 22:42:36.964290+00:00
ESC-00063,ALR-000257,INV-000168,2024-04-10 16:20:36.938962+00:00,INCIDENT_RESPONSE,CONFIRMED_INCIDENT,RESOLVED,2024-04-10 18:02:28.465040+00:00
ESC-00064,ALR-000261,INV-000171,2024-04-26 13:03:14.254015+00:00,TIER2,SEVERITY,RESOLVED,2024-04-26 15:24:54.571622+00:00
ESC-00065,ALR-000285,INV-000182,2024-06-24 05:27:58.839660+00:00,TIER2,COMPLEXITY,RESOLVED,2024-06-24 06:53:42.792658+00:00
ESC-00066,ALR-000287,INV-000183,2024-06-12 04:24:09.754514+00:00,TIER2,SLA_RISK,RESOLVED,2024-06-12 04:47:34.396717+00:00
ESC-00067,ALR-000291,INV-000186,2024-06-28 23:39:00.788759+00:00,INCIDENT_RESPONSE,CONFIRMED_INCIDENT,RESOLVED,2024-06-29 02:00:22.995671+00:00
ESC-00068,ALR-000292,INV-000187,2024-06-09 04:33:00.714870+00:00,TIER2,COMPLEXITY,RESOLVED,2024-06-09 05:21:55.159325+00:00
ESC-00069,ALR-000301,INV-000192,2024-01-30 19:29:22.528987+00:00,INCIDENT_RESPONSE,SEVERITY,RESOLVED,2024-01-30 20:12:02.628972+00:00
ESC-00070,ALR-000313,INV-000199,2024-01-24 18:09:14.671114+00:00,TIER2,COMPLEXITY,ACCEPTED,
ESC-00071,ALR-000315,INV-000200,2024-01-23 11:07:31.705517+00:00,TIER2,COMPLEXITY,RESOLVED,2024-01-23 14:02:53.933541+00:00
ESC-00072,ALR-000318,INV-000201,2024-01-28 00:21:15.307934+00:00,TIER2,POLICY,RESOLVED,2024-01-28 00:44:20.158095+00:00
ESC-00073,ALR-000320,INV-000203,2024-01-11 05:51:29.509428+00:00,INCIDENT_RESPONSE,SEVERITY,RESOLVED,2024-01-11 06:51:19.267497+00:00
ESC-00074,ALR-000322,INV-000205,2024-01-03 14:11:09.642313+00:00,THREAT_HUNTING,SLA_RISK,RESOLVED,2024-01-03 14:57:43.563241+00:00
ESC-00075,ALR-000330,INV-000210,2024-02-26 14:05:14.877582+00:00,INCIDENT_RESPONSE,SEVERITY,RESOLVED,2024-02-26 16:31:29.662758+00:00
ESC-00076,ALR-000336,INV-000215,2024-02-10 02:12:01.771514+00:00,TIER2,COMPLEXITY,RESOLVED,2024-02-10 02:31:05.455598+00:00
ESC-00077,ALR-000339,INV-000218,2024-02-16 20:17:43.245625+00:00,TIER2,COMPLEXITY,RESOLVED,2024-02-16 22:39:13.488104+00:00
ESC-00078,ALR-000341,INV-000219,2024-02-01 03:52:51.594676+00:00,MANAGEMENT,CONFIRMED_INCIDENT,RESOLVED,2024-02-01 04:45:07.489359+00:00
ESC-00079,ALR-000343,INV-000220,2024-02-14 00:39:45.923311+00:00,THREAT_HUNTING,COMPLEXITY,RESOLVED,2024-02-14 00:56:34.623496+00:00
ESC-00080,ALR-000351,INV-000227,2024-02-02 01:01:36.292970+00:00,TIER2,COMPLEXITY,RESOLVED,2024-02-02 03:25:06.295917+00:00
ESC-00081,ALR-000353,INV-000229,2024-02-02 11:26:52.151891+00:00,TIER3,SEVERITY,RESOLVED,2024-02-02 13:22:27.749578+00:00
ESC-00082,ALR-000366,INV-000235,2024-02-07 06:47:16.567062+00:00,TIER3,COMPLEXITY,REJECTED,
ESC-00083,ALR-000368,INV-000237,2024-03-03 10:58:01.100732+00:00,TIER3,SEVERITY,RESOLVED,2024-03-03 12:19:55.577876+00:00
ESC-00084,ALR-000377,INV-000240,2024-03-23 04:34:38.741763+00:00,TIER3,SLA_RISK,RESOLVED,2024-03-23 07:04:39.523544+00:00
ESC-00085,ALR-000378,INV-000241,2024-03-11 09:31:27.571280+00:00,TIER3,CONFIRMED_INCIDENT,RESOLVED,2024-03-11 11:16:55.123375+00:00
ESC-00086,ALR-000379,INV-000242,2024-03-26 16:19:17.991615+00:00,TIER3,CONFIRMED_INCIDENT,ACCEPTED,
ESC-00087,ALR-000381,INV-000243,2024-03-19 01:07:53.652951+00:00,TIER2,SEVERITY,RESOLVED,2024-03-19 03:48:18.521205+00:00
ESC-00088,ALR-000383,INV-000245,2024-03-18 04:28:53.266967+00:00,TIER2,COMPLEXITY,RESOLVED,2024-03-18 05:02:14.965163+00:00
ESC-00089,ALR-000388,INV-000247,2024-03-15 02:01:38.029239+00:00,INCIDENT_RESPONSE,CONFIRMED_INCIDENT,RESOLVED,2024-03-15 02:55:13.184256+00:00
ESC-00090,ALR-000392,INV-000250,2024-03-24 05:12:58.805451+00:00,TIER3,SEVERITY,RESOLVED,2024-03-24 05:37:23.834501+00:00
ESC-00091,ALR-000394,INV-000251,2024-03-18 23:22:45.853993+00:00,TIER3,SLA_RISK,RESOLVED,2024-03-19 01:33:18.704511+00:00
ESC-00092,ALR-000395,INV-000252,2024-03-28 13:37:10.711877+00:00,THREAT_HUNTING,SEVERITY,RESOLVED,2024-03-28 15:18:39.896016+00:00
ESC-00093,ALR-000397,INV-000254,2024-03-02 06:55:30.408395+00:00,TIER2,SEVERITY,RESOLVED,2024-03-02 07:39:59.749006+00:00
ESC-00094,ALR-000399,INV-000256,2024-03-18 12:18:46.040440+00:00,TIER3,SEVERITY,RESOLVED,2024-03-18 12:46:40.023213+00:00
ESC-00095,ALR-000406,INV-000258,2024-03-29 22:01:57.408189+00:00,TIER2,SEVERITY,PENDING,
ESC-00096,ALR-000414,INV-000262,2024-04-01 14:55:23.866072+00:00,TIER2,POLICY,PENDING,
ESC-00097,ALR-000415,INV-000263,2024-04-17 14:37:33.244825+00:00,TIER2,COMPLEXITY,RESOLVED,2024-04-17 15:17:22.200366+00:00
ESC-00098,ALR-000428,INV-000270,2024-04-06 07:53:13.800663+00:00,TIER2,SLA_RISK,RESOLVED,2024-04-06 08:56:55.514690+00:00
ESC-00099,ALR-000434,INV-000274,2024-04-02 23:49:11.945856+00:00,TIER2,SEVERITY,RESOLVED,2024-04-03 00:12:14.628112+00:00
ESC-00100,ALR-000435,INV-000275,2024-04-06 04:04:39.691495+00:00,TIER3,SLA_RISK,RESOLVED,2024-04-06 04:26:17.318280+00:00
ESC-00101,ALR-000437,INV-000277,2024-04-03 05:10:36.144960+00:00,TIER2,SEVERITY,RESOLVED,2024-04-03 06:01:14.773413+00:00
ESC-00102,ALR-000444,INV-000280,2024-04-29 23:38:01.208757+00:00,INCIDENT_RESPONSE,SEVERITY,ACCEPTED,
ESC-00103,ALR-000446,INV-000282,2024-04-09 18:11:35.048543+00:00,TIER2,SEVERITY,PENDING,
ESC-00104,ALR-000460,INV-000291,2024-05-02 19:20:56.570175+00:00,INCIDENT_RESPONSE,CONFIRMED_INCIDENT,RESOLVED,2024-05-02 20:16:48.681137+00:00
ESC-00105,ALR-000481,INV-000303,2024-05-15 03:23:38.580476+00:00,TIER3,CONFIRMED_INCIDENT,ACCEPTED,
ESC-00106,ALR-000486,INV-000308,2024-06-19 07:48:47.506802+00:00,TIER3,SEVERITY,REJECTED,
ESC-00107,ALR-000489,INV-000311,2024-06-03 20:57:19.042619+00:00,TIER3,SEVERITY,ACCEPTED,
ESC-00108,ALR-000495,INV-000313,2024-06-11 15:46:58.516701+00:00,TIER2,SEVERITY,ACCEPTED,
ESC-00109,ALR-000499,INV-000315,2024-06-30 18:58:16.332028+00:00,TIER3,SEVERITY,RESOLVED,2024-06-30 19:47:47.047820+00:00
ESC-00110,ALR-000501,INV-000316,2024-06-13 12:32:55.066926+00:00,TIER3,SEVERITY,RESOLVED,2024-06-13 15:06:31.331035+00:00
ESC-00111,ALR-000504,INV-000318,2024-06-27 12:23:23.574745+00:00,TIER2,COMPLEXITY,RESOLVED,2024-06-27 13:57:40.989882+00:00
ESC-00112,ALR-000511,INV-000324,2024-06-08 04:29:32.905916+00:00,TIER2,POLICY,PENDING,
ESC-00113,ALR-000513,INV-000325,2024-06-16 10:39:11.025692+00:00,TIER3,CONFIRMED_INCIDENT,RESOLVED,2024-06-16 11:05:05.924922+00:00
ESC-00114,ALR-000514,INV-000326,2024-06-29 19:31:55.421993+00:00,TIER2,SEVERITY,RESOLVED,2024-06-29 20:27:03.903157+00:00
ESC-00115,ALR-000516,INV-000327,2024-06-13 05:18:34.528661+00:00,TIER2,SLA_RISK,RESOLVED,2024-06-13 06:23:48.092430+00:00
ESC-00116,ALR-000523,INV-000332,2024-01-26 19:48:06.074644+00:00,TIER3,CONFIRMED_INCIDENT,RESOLVED,2024-01-26 22:19:50.758737+00:00
ESC-00117,ALR-000529,INV-000334,2024-01-22 14:05:34.604782+00:00,TIER3,SLA_RISK,ACCEPTED,
ESC-00118,ALR-000534,INV-000336,2024-01-27 15:24:53.483962+00:00,INCIDENT_RESPONSE,CONFIRMED_INCIDENT,RESOLVED,2024-01-27 16:55:03.992382+00:00
ESC-00119,ALR-000562,INV-000356,2024-03-02 23:02:57.625265+00:00,TIER2,SEVERITY,RESOLVED,2024-03-02 23:30:14.749732+00:00
ESC-00120,ALR-000566,INV-000358,2024-03-23 13:27:49.890705+00:00,MANAGEMENT,CONFIRMED_INCIDENT,RESOLVED,2024-03-23 16:25:44.902673+00:00
ESC-00121,ALR-000575,INV-000364,2024-03-08 03:36:35.782074+00:00,TIER2,SEVERITY,RESOLVED,2024-03-08 05:38:44.507499+00:00
ESC-00122,ALR-000578,INV-000366,2024-04-01 01:03:22.633140+00:00,TIER3,SEVERITY,ACCEPTED,
ESC-00123,ALR-000585,INV-000369,2024-04-12 06:20:52.184167+00:00,INCIDENT_RESPONSE,SEVERITY,RESOLVED,2024-04-12 06:34:19.712794+00:00
ESC-00124,ALR-000588,INV-000371,2024-04-30 01:38:22.412761+00:00,INCIDENT_RESPONSE,CONFIRMED_INCIDENT,REJECTED,
ESC-00125,ALR-000590,INV-000373,2024-04-10 09:31:57.834470+00:00,TIER3,SEVERITY,RESOLVED,2024-04-10 10:30:32.773997+00:00
ESC-00126,ALR-000591,INV-000374,2024-04-10 11:09:56.644979+00:00,TIER3,SLA_RISK,RESOLVED,2024-04-10 12:17:32.236510+00:00
ESC-00127,ALR-000600,INV-000380,2024-05-13 05:00:55.000591+00:00,TIER3,SEVERITY,RESOLVED,2024-05-13 07:20:39.372120+00:00
ESC-00128,ALR-000604,INV-000383,2024-05-26 06:54:03.305666+00:00,TIER3,CONFIRMED_INCIDENT,PENDING,
ESC-00129,ALR-000612,INV-000389,2024-05-04 07:43:57.383913+00:00,TIER3,SEVERITY,ACCEPTED,
ESC-00130,ALR-000617,INV-000392,2024-05-16 00:44:03.785137+00:00,INCIDENT_RESPONSE,CONFIRMED_INCIDENT,ACCEPTED,
ESC-00131,ALR-000621,INV-000395,2024-06-07 11:25:59.915507+00:00,TIER2,SLA_RISK,RESOLVED,2024-06-07 12:09:45.506371+00:00
ESC-00132,ALR-000623,INV-000397,2024-06-04 03:00:05.654520+00:00,INCIDENT_RESPONSE,CONFIRMED_INCIDENT,RESOLVED,2024-06-04 04:15:42.926018+00:00
ESC-00133,ALR-000631,INV-000403,2024-01-25 20:47:57.963869+00:00,THREAT_HUNTING,SEVERITY,RESOLVED,2024-01-25 21:35:34.610170+00:00
ESC-00134,ALR-000632,INV-000404,2024-01-17 08:25:31.818700+00:00,TIER3,COMPLEXITY,RESOLVED,2024-01-17 10:27:26.858762+00:00
ESC-00135,ALR-000635,INV-000407,2024-01-25 06:57:27.193343+00:00,INCIDENT_RESPONSE,CONFIRMED_INCIDENT,RESOLVED,2024-01-25 07:20:09.955335+00:00
ESC-00136,ALR-000637,INV-000409,2024-01-28 20:03:33.283908+00:00,TIER2,COMPLEXITY,RESOLVED,2024-01-28 21:04:36.232804+00:00
ESC-00137,ALR-000641,INV-000410,2024-01-25 09:30:16.046534+00:00,THREAT_HUNTING,SLA_RISK,RESOLVED,2024-01-25 10:00:59.287798+00:00
ESC-00138,ALR-000644,INV-000412,2024-01-21 09:13:13.978528+00:00,MANAGEMENT,CONFIRMED_INCIDENT,ACCEPTED,
ESC-00139,ALR-000651,INV-000415,2024-02-11 10:55:29.891764+00:00,THREAT_HUNTING,SLA_RISK,PENDING,
ESC-00140,ALR-000666,INV-000422,2024-02-18 21:00:08.948847+00:00,TIER3,CONFIRMED_INCIDENT,RESOLVED,2024-02-18 21:43:12.121270+00:00
ESC-00141,ALR-000669,INV-000424,2024-02-09 20:39:13.910647+00:00,TIER2,SLA_RISK,ACCEPTED,
ESC-00142,ALR-000675,INV-000428,2024-03-11 00:17:41.970863+00:00,TIER3,SEVERITY,RESOLVED,2024-03-11 01:26:34.356069+00:00
ESC-00143,ALR-000683,INV-000433,2024-03-18 17:27:01.547182+00:00,TIER2,POLICY,RESOLVED,2024-03-18 19:29:45.985035+00:00
ESC-00144,ALR-000694,INV-000440,2024-04-27 00:21:11.631416+00:00,INCIDENT_RESPONSE,CONFIRMED_INCIDENT,RESOLVED,2024-04-27 01:44:23.978158+00:00
ESC-00145,ALR-000699,INV-000444,2024-05-05 15:29:11.487070+00:00,TIER3,CONFIRMED_INCIDENT,RESOLVED,2024-05-05 16:48:45.494150+00:00
ESC-00146,ALR-000702,INV-000445,2024-05-20 13:29:24.800067+00:00,TIER2,SEVERITY,ACCEPTED,
ESC-00147,ALR-000703,INV-000446,2024-05-12 19:06:12.009907+00:00,TIER2,SEVERITY,RESOLVED,2024-05-12 21:43:25.376126+00:00
ESC-00148,ALR-000710,INV-000450,2024-05-07 10:56:10.998108+00:00,TIER2,COMPLEXITY,RESOLVED,2024-05-07 12:21:58.896666+00:00
ESC-00149,ALR-000722,INV-000458,2024-06-21 13:11:10.748215+00:00,TIER3,SEVERITY,PENDING,
ESC-00150,ALR-000725,INV-000459,2024-06-15 05:14:17.622695+00:00,TIER2,SEVERITY,RESOLVED,2024-06-15 06:10:31.409610+00:00
ESC-00151,ALR-000726,INV-000460,2024-06-14 18:16:31.273523+00:00,TIER2,SEVERITY,PENDING,
ESC-00152,ALR-000732,INV-000463,2024-06-23 06:40:03.811447+00:00,TIER3,COMPLEXITY,RESOLVED,2024-06-23 10:50:57.149847+00:00
ESC-00153,ALR-000737,INV-000465,2024-06-17 00:36:26.185452+00:00,TIER2,COMPLEXITY,RESOLVED,2024-06-17 01:34:26.785892+00:00
ESC-00154,ALR-000748,INV-000471,2024-03-08 18:23:32.997289+00:00,TIER3,SEVERITY,PENDING,
ESC-00155,ALR-000766,INV-000483,2024-05-13 16:34:33.114887+00:00,TIER3,COMPLEXITY,REJECTED,
ESC-00156,ALR-000767,INV-000484,2024-05-22 14:05:25.580557+00:00,TIER2,SEVERITY,RESOLVED,2024-05-22 14:48:08.883800+00:00
