scenario_id,scenario_type,entity_id,asset_id,alert_id,investigation_id,recurrence_key,period_start,period_end,expected_detection_category,reason
SCN-0001,NORMAL_BASELINE,ENT-01,AST-00001,ALR-000014,INV-000009,,2024-01-01 00:00:00+00:00,2024-02-01 00:00:00+00:00,NONE,"Confirmed high/critical alert fully investigated, escalated, and closed with complete evidence."
SCN-0002,NORMAL_BASELINE,ENT-01,AST-00012,ALR-000015,INV-000010,,2024-01-01 00:00:00+00:00,2024-02-01 00:00:00+00:00,NONE,"Confirmed high/critical alert fully investigated, escalated, and closed with complete evidence."
SCN-0003,NORMAL_BASELINE,ENT-01,AST-00054,ALR-000019,INV-000011,,2024-01-01 00:00:00+00:00,2024-02-01 00:00:00+00:00,NONE,"Confirmed high/critical alert fully investigated, escalated, and closed with complete evidence."
SCN-0004,NORMAL_BASELINE,ENT-01,AST-00013,ALR-000020,INV-000012,,2024-01-01 00:00:00+00:00,2024-02-01 00:00:00+00:00,NONE,"Confirmed high/critical alert fully investigated, escalated, and closed with complete evidence."
SCN-0005,NORMAL_BASELINE,ENT-01,AST-00018,ALR-000031,INV-000019,,2024-01-01 00:00:00+00:00,2024-02-01 00:00:00+00:00,NONE,"Confirmed high/critical alert fully investigated, escalated, and closed with complete evidence."
SCN-0006,NORMAL_BASELINE,ENT-01,AST-00046,ALR-000037,INV-000023,,2024-02-01 00:00:00+00:00,2024-03-01 00:00:00+00:00,NONE,"Confirmed high/critical alert fully investigated, escalated, and closed with complete evidence."
SCN-0007,CRITICAL_ALERT_WITHOUT_ESCALATION,ENT-01,AST-00025,ALR-000776,INV-000490,,2024-02-01 00:00:00+00:00,2024-03-01 00:00:00+00:00,ESCALATION_GAP,Confirmed CRITICAL alert fully investigated and closed but never escalated.
SCN-0008,CRITICAL_ALERT_WITHOUT_ESCALATION,ENT-03,AST-00098,ALR-000777,INV-000491,,2024-03-01 00:00:00+00:00,2024-04-01 00:00:00+00:00,ESCALATION_GAP,Confirmed CRITICAL alert fully investigated and closed but never escalated.
SCN-0009,CRITICAL_ALERT_WITHOUT_ESCALATION,ENT-05,AST-00184,ALR-000778,INV-000492,,2024-04-01 00:00:00+00:00,2024-05-01 00:00:00+00:00,ESCALATION_GAP,Confirmed CRITICAL alert fully investigated and closed but never escalated.
SCN-0010,ACKNOWLEDGED_WITHOUT_INVESTIGATION,ENT-01,AST-00049,ALR-000779,,,2024-03-01 00:00:00+00:00,2024-04-01 00:00:00+00:00,INVESTIGATION_GAP,CRITICAL alert acknowledged within SLA but no investigation was ever opened.
SCN-0011,ACKNOWLEDGED_WITHOUT_INVESTIGATION,ENT-02,AST-00076,ALR-000780,,,2024-02-01 00:00:00+00:00,2024-03-01 00:00:00+00:00,INVESTIGATION_GAP,HIGH alert acknowledged within SLA but no investigation was ever opened.
SCN-0012,ACKNOWLEDGED_WITHOUT_INVESTIGATION,ENT-04,AST-00139,ALR-000781,,,2024-04-01 00:00:00+00:00,2024-05-01 00:00:00+00:00,INVESTIGATION_GAP,HIGH alert acknowledged within SLA but no investigation was ever opened.
SCN-0013,SUSPICIOUSLY_FAST_INVESTIGATION,ENT-03,AST-00098,ALR-000782,INV-000493,,2024-02-01 00:00:00+00:00,2024-03-01 00:00:00+00:00,INVESTIGATION_QUALITY,CRITICAL alert closed after a 51s investigation with no evidence gathered.
SCN-0014,SUSPICIOUSLY_FAST_INVESTIGATION,ENT-05,AST-00182,ALR-000783,INV-000494,,2024-03-01 00:00:00+00:00,2024-04-01 00:00:00+00:00,INVESTIGATION_QUALITY,HIGH alert closed after a 48s investigation with no evidence gathered.
SCN-0015,SUSPICIOUSLY_FAST_INVESTIGATION,ENT-06,AST-00202,ALR-000784,INV-000495,,2024-04-01 00:00:00+00:00,2024-05-01 00:00:00+00:00,INVESTIGATION_QUALITY,CRITICAL alert closed after a 96s investigation with no evidence gathered.
SCN-0016,RECURRING_ALERTS_WITHOUT_REMEDIATION,ENT-02,AST-00203,,,RK-AST-00203-PHISHING,2024-01-01 00:00:00+00:00,2024-06-01 00:00:00+00:00,REMEDIATION_GAP,5 confirmed recurring alerts on one asset over consecutive periods with no remediation performed.
SCN-0017,RECURRING_ALERTS_WITHOUT_REMEDIATION,ENT-04,AST-00204,,,RK-AST-00204-MISCONFIGURATION,2024-01-01 00:00:00+00:00,2024-06-01 00:00:00+00:00,REMEDIATION_GAP,5 confirmed recurring alerts on one asset over consecutive periods with no remediation performed.
SCN-0018,MISSING_TELEMETRY_CRITICAL_ASSET,ENT-01,AST-00205,,,,2024-01-01 00:00:00+00:00,2024-07-01 00:00:00+00:00,MONITORING_GAP,Critical asset flagged as monitored produces no telemetry in any period.
SCN-0019,MISSING_TELEMETRY_CRITICAL_ASSET,ENT-03,AST-00206,,,,2024-01-01 00:00:00+00:00,2024-07-01 00:00:00+00:00,MONITORING_GAP,Critical asset flagged as monitored produces no telemetry in any period.
SCN-0020,TELEMETRY_DISAPPEARANCE,ENT-04,AST-00207,,,,2024-04-01 00:00:00+00:00,2024-07-01 00:00:00+00:00,TELEMETRY_DISAPPEARANCE,Asset reported normal telemetry for three periods then went silent for the remainder.
SCN-0021,TELEMETRY_DISAPPEARANCE,ENT-05,AST-00208,,,,2024-04-01 00:00:00+00:00,2024-07-01 00:00:00+00:00,TELEMETRY_DISAPPEARANCE,Asset reported normal telemetry for three periods then went silent for the remainder.
SCN-0022,REPETITIVE_INVESTIGATION_WORKFLOW,ENT-03,AST-00209,ALR-000795,INV-000506,,2024-03-01 00:00:00+00:00,2024-04-01 00:00:00+00:00,WORKFLOW_REPETITION,"One analyst closes multiple alerts with an identical, mechanical action sequence."
SCN-0023,REPETITIVE_INVESTIGATION_WORKFLOW,ENT-03,AST-00209,ALR-000796,INV-000507,,2024-03-01 00:00:00+00:00,2024-04-01 00:00:00+00:00,WORKFLOW_REPETITION,"One analyst closes multiple alerts with an identical, mechanical action sequence."
SCN-0024,REPETITIVE_INVESTIGATION_WORKFLOW,ENT-03,AST-00209,ALR-000797,INV-000508,,2024-03-01 00:00:00+00:00,2024-04-01 00:00:00+00:00,WORKFLOW_REPETITION,"One analyst closes multiple alerts with an identical, mechanical action sequence."
SCN-0025,REPETITIVE_INVESTIGATION_WORKFLOW,ENT-03,AST-00209,ALR-000798,INV-000509,,2024-03-01 00:00:00+00:00,2024-04-01 00:00:00+00:00,WORKFLOW_REPETITION,"One analyst closes multiple alerts with an identical, mechanical action sequence."
SCN-0026,METRIC_RISK_DIVERGENCE,ENT-04,,,,,2024-01-01 00:00:00+00:00,2024-07-01 00:00:00+00:00,METRIC_RISK_DIVERGENCE,Reported headline KPIs improve across periods while evidence/remediation quality and recurrence deteriorate.
