investigation_id,alert_id,entity_id,analyst_id,status,started_at,ended_at,duration_seconds,evidence_count
INV-000001,ALR-000001,ENT-01,ANALYST-015,CLOSED,2024-01-02 15:47:05.548965+00:00,2024-01-02 17:06:06.548965+00:00,4741,3
INV-000002,ALR-000003,ENT-01,ANALYST-002,CLOSED,2024-01-25 09:50:04.461259+00:00,2024-01-25 15:04:39.461259+00:00,18875,9
INV-000003,ALR-000005,ENT-01,ANALYST-003,CLOSED,2024-01-18 06:16:56.772667+00:00,2024-01-18 06:53:47.772667+00:00,2211,4
INV-000004,ALR-000007,ENT-01,ANALYST-020,CLOSED,2024-01-20 22:55:20.509286+00:00,2024-01-21 03:03:18.509286+00:00,14878,5
INV-000005,ALR-000010,ENT-01,ANALYST-011,CLOSED,2024-01-09 09:52:41.793536+00:00,2024-01-09 14:23:57.793536+00:00,16276,9
INV-000006,ALR-000011,ENT-01,ANALYST-013,CLOSED,2024-01-18 02:47:39.311771+00:00,2024-01-18 03:40:05.311771+00:00,3146,4
INV-000007,ALR-000012,ENT-01,ANALYST-007,CLOSED,2024-01-15 12:39:19.785104+00:00,2024-01-15 12:55:19.785104+00:00,960,1
INV-000008,ALR-000013,ENT-01,ANALYST-021,CLOSED,2024-01-14 12:55:34.085805+00:00,2024-01-14 13:17:53.085805+00:00,1339,2
INV-000009,ALR-000014,ENT-01,ANALYST-011,CLOSED,2024-01-26 06:47:24.958173+00:00,2024-01-26 10:51:18.958173+00:00,14634,7
INV-000010,ALR-000015,ENT-01,ANALYST-009,CLOSED,2024-01-09 04:24:25.437964+00:00,2024-01-09 05:27:34.437964+00:00,3789,6
INV-000011,ALR-000019,ENT-01,ANALYST-004,CLOSED,2024-01-20 01:58:19.992262+00:00,2024-01-20 04:28:23.992262+00:00,9004,3
INV-000012,ALR-000020,ENT-01,ANALYST-008,CLOSED,2024-01-19 05:39:29.580215+00:00,2024-01-19 12:22:40.580215+00:00,24191,6
INV-000013,ALR-000021,ENT-01,ANALYST-002,CLOSED,2024-01-16 07:43:33.584504+00:00,2024-01-16 09:06:55.584504+00:00,5002,6
INV-000014,ALR-000022,ENT-01,ANALYST-021,CLOSED,2024-01-12 09:03:53.516394+00:00,2024-01-12 09:19:14.516394+00:00,921,3
INV-000015,ALR-000023,ENT-01,ANALYST-001,CLOSED,2024-01-02 08:22:39.139836+00:00,2024-01-02 10:15:03.139836+00:00,6744,4
INV-000016,ALR-000024,ENT-01,ANALYST-009,CLOSED,2024-01-24 10:26:27.856323+00:00,2024-01-24 12:44:28.856323+00:00,8281,10
INV-000017,ALR-000025,ENT-01,ANALYST-005,CLOSED,2024-01-10 09:00:17.713910+00:00,2024-01-10 12:55:56.713910+00:00,14139,5
INV-000018,ALR-000026,ENT-01,ANALYST-006,CLOSED,2024-01-25 04:42:49.204511+00:00,2024-01-25 06:57:19.204511+00:00,8070,4
INV-000019,ALR-000031,ENT-01,ANALYST-024,CLOSED,2024-01-30 16:02:07.026660+00:00,2024-01-30 17:01:25.026660+00:00,3558,9
INV-000020,ALR-000034,ENT-01,ANALYST-022,CLOSED,2024-02-10 21:26:36.929800+00:00,2024-02-10 22:35:14.929800+00:00,4118,4
INV-000021,ALR-000035,ENT-01,ANALYST-023,ABANDONED,2024-02-14 20:49:48.848579+00:00,2024-02-14 20:54:48.848579+00:00,300,1
INV-000022,ALR-000036,ENT-01,ANALYST-008,CLOSED,2024-02-10 19:10:21.713606+00:00,2024-02-10 20:56:38.713606+00:00,6377,5
INV-000023,ALR-000037,ENT-01,ANALYST-017,CLOSED,2024-02-26 14:12:37.704631+00:00,2024-02-26 17:41:34.704631+00:00,12537,4
INV-000024,ALR-000038,ENT-01,ANALYST-018,CLOSED,2024-02-25 22:22:47.370740+00:00,2024-02-25 23:01:03.370740+00:00,2296,7
INV-000025,ALR-000040,ENT-01,ANALYST-025,CLOSED,2024-02-27 21:34:49.607632+00:00,2024-02-27 22:37:06.607632+00:00,3737,5
INV-000026,ALR-000041,ENT-01,ANALYST-014,CLOSED,2024-02-20 19:18:46.351500+00:00,2024-02-20 20:10:20.351500+00:00,3094,8
INV-000027,ALR-000042,ENT-01,ANALYST-013,CLOSED,2024-02-05 08:20:28.591308+00:00,2024-02-05 14:22:50.591308+00:00,21742,13
INV-000028,ALR-000044,ENT-01,ANALYST-016,CLOSED,2024-02-07 17:58:45.167360+00:00,2024-02-07 19:10:02.167360+00:00,4277,4
INV-000029,ALR-000045,ENT-01,ANALYST-023,CLOSED,2024-02-21 18:54:21.428412+00:00,2024-02-21 19:41:18.428412+00:00,2817,12
INV-000030,ALR-000046,ENT-01,ANALYST-010,CLOSED,2024-02-27 09:21:46.514932+00:00,2024-02-27 14:56:53.514932+00:00,20107,8
INV-000031,ALR-000047,ENT-01,ANALYST-021,IN_PROGRESS,2024-02-05 16:12:28.935231+00:00,,,2
INV-000032,ALR-000048,ENT-01,ANALYST-003,CLOSED,2024-02-15 12:57:05.681750+00:00,2024-02-15 15:34:16.681750+00:00,9431,13
INV-000033,ALR-000049,ENT-01,ANALYST-009,CLOSED,2024-02-18 23:18:37.804510+00:00,2024-02-19 00:05:20.804510+00:00,2803,7
INV-000034,ALR-000050,ENT-01,ANALYST-006,CLOSED,2024-02-26 18:54:09.127757+00:00,2024-02-26 19:15:36.127757+00:00,1287,5
INV-000035,ALR-000051,ENT-01,ANALYST-007,CLOSED,2024-02-27 08:56:54.503206+00:00,2024-02-27 09:06:07.503206+00:00,553,4
INV-000036,ALR-000052,ENT-01,ANALYST-013,CLOSED,2024-02-25 14:02:36.219161+00:00,2024-02-25 14:14:14.219161+00:00,698,4
INV-000037,ALR-000053,ENT-01,ANALYST-024,CLOSED,2024-02-05 05:12:32.828924+00:00,2024-02-05 06:09:53.828924+00:00,3441,3
INV-000038,ALR-000056,ENT-01,ANALYST-021,IN_PROGRESS,2024-02-16 11:29:01.889860+00:00,,,1
INV-000039,ALR-000058,ENT-01,ANALYST-007,CLOSED,2024-02-14 17:39:36.522510+00:00,2024-02-14 20:05:12.522510+00:00,8736,7
INV-000040,ALR-000060,ENT-01,ANALYST-020,CLOSED,2024-02-18 04:14:48.875568+00:00,2024-02-18 05:18:34.875568+00:00,3826,2
INV-000041,ALR-000063,ENT-01,ANALYST-012,CLOSED,2024-03-13 20:01:04.764875+00:00,2024-03-13 20:25:10.764875+00:00,1446,5
INV-000042,ALR-000064,ENT-01,ANALYST-019,CLOSED,2024-03-14 01:52:22.457007+00:00,2024-03-14 04:13:37.457007+00:00,8475,9
INV-000043,ALR-000066,ENT-01,ANALYST-014,CLOSED,2024-03-22 23:43:44.795282+00:00,2024-03-23 00:20:07.795282+00:00,2183,2
INV-000044,ALR-000067,ENT-01,ANALYST-021,CLOSED,2024-03-06 13:00:00.099744+00:00,2024-03-06 15:28:51.099744+00:00,8931,12
INV-000045,ALR-000068,ENT-01,ANALYST-018,CLOSED,2024-03-05 10:57:43.093938+00:00,2024-03-05 15:09:58.093938+00:00,15135,8
INV-000046,ALR-000069,ENT-01,ANALYST-023,CLOSED,2024-03-30 16:56:14.812717+00:00,2024-03-31 01:00:58.812717+00:00,29084,5
INV-000047,ALR-000070,ENT-01,ANALYST-017,CLOSED,2024-03-26 13:23:58.359272+00:00,2024-03-26 15:28:43.359272+00:00,7485,5
INV-000048,ALR-000072,ENT-01,ANALYST-007,CLOSED,2024-03-16 12:56:43.566349+00:00,2024-03-16 14:37:05.566349+00:00,6022,6
INV-000049,ALR-000074,ENT-01,ANALYST-024,CLOSED,2024-03-12 23:27:45.668065+00:00,2024-03-13 01:08:19.668065+00:00,6034,9
INV-000050,ALR-000075,ENT-01,ANALYST-004,CLOSED,2024-03-02 23:43:38.938617+00:00,2024-03-03 00:58:13.938617+00:00,4475,7
INV-000051,ALR-000076,ENT-01,ANALYST-007,CLOSED,2024-03-31 09:11:17.501687+00:00,2024-03-31 12:09:00.501687+00:00,10663,3
INV-000052,ALR-000077,ENT-01,ANALYST-006,CLOSED,2024-03-28 07:41:19.702483+00:00,2024-03-28 07:50:51.702483+00:00,572,1
INV-000053,ALR-000078,ENT-01,ANALYST-020,CLOSED,2024-03-17 05:46:28.480707+00:00,2024-03-17 09:34:30.480707+00:00,13682,8
INV-000054,ALR-000080,ENT-01,ANALYST-007,CLOSED,2024-03-22 08:04:37.286023+00:00,2024-03-22 13:44:54.286023+00:00,20417,6
INV-000055,ALR-000081,ENT-01,ANALYST-020,CLOSED,2024-03-20 03:47:11.006771+00:00,2024-03-20 09:18:05.006771+00:00,19854,9
INV-000056,ALR-000082,ENT-01,ANALYST-005,CLOSED,2024-03-31 05:33:47.362461+00:00,2024-03-31 05:47:34.362461+00:00,827,3
INV-000057,ALR-000083,ENT-01,ANALYST-017,CLOSED,2024-03-01 18:43:02.345218+00:00,2024-03-01 19:15:54.345218+00:00,1972,6
INV-000058,ALR-000084,ENT-01,ANALYST-017,CLOSED,2024-03-26 06:01:44.660731+00:00,2024-03-26 06:12:41.660731+00:00,657,1
INV-000059,ALR-000085,ENT-01,ANALYST-014,CLOSED,2024-03-30 03:15:05.262413+00:00,2024-03-30 04:06:24.262413+00:00,3079,2
INV-000060,ALR-000086,ENT-01,ANALYST-012,CLOSED,2024-03-28 14:18:20.655010+00:00,2024-03-28 14:41:19.655010+00:00,1379,2
INV-000061,ALR-000087,ENT-01,ANALYST-017,CLOSED,2024-03-30 13:59:22.075420+00:00,2024-03-30 14:19:13.075420+00:00,1191,3
INV-000062,ALR-000088,ENT-01,ANALYST-015,CLOSED,2024-03-26 14:35:30.837537+00:00,2024-03-26 16:09:02.837537+00:00,5612,8
INV-000063,ALR-000089,ENT-01,ANALYST-014,CLOSED,2024-03-07 14:03:28.803488+00:00,2024-03-07 14:22:09.803488+00:00,1121,4
INV-000064,ALR-000091,ENT-01,ANALYST-022,CLOSED,2024-03-05 09:40:37.390855+00:00,2024-03-05 11:51:42.390855+00:00,7865,4
INV-000065,ALR-000092,ENT-01,ANALYST-006,ABANDONED,2024-03-18 15:41:14.285692+00:00,2024-03-18 16:02:41.285692+00:00,1287,0
INV-000066,ALR-000093,ENT-01,ANALYST-012,CLOSED,2024-03-15 17:52:04.844146+00:00,2024-03-15 18:37:29.844146+00:00,2725,4
INV-000067,ALR-000094,ENT-01,ANALYST-002,CLOSED,2024-03-21 19:32:44.095700+00:00,2024-03-22 02:36:26.095700+00:00,25422,8
INV-000068,ALR-000096,ENT-01,ANALYST-014,CLOSED,2024-04-13 18:50:48.990257+00:00,2024-04-14 00:03:12.990257+00:00,18744,4
INV-000069,ALR-000098,ENT-01,ANALYST-019,CLOSED,2024-04-30 23:25:40.085343+00:00,2024-05-01 00:40:55.085343+00:00,4515,4
INV-000070,ALR-000099,ENT-01,ANALYST-011,CLOSED,2024-04-23 04:40:04.264303+00:00,2024-04-23 05:50:46.264303+00:00,4242,2
INV-000071,ALR-000104,ENT-01,ANALYST-009,CLOSED,2024-04-08 10:39:30.411056+00:00,2024-04-08 11:39:05.411056+00:00,3575,5
INV-000072,ALR-000105,ENT-01,ANALYST-018,ABANDONED,2024-04-04 11:35:29.793271+00:00,2024-04-04 11:46:02.793271+00:00,633,1
INV-000073,ALR-000107,ENT-01,ANALYST-007,CLOSED,2024-04-30 11:20:58.659594+00:00,2024-04-30 11:59:03.659594+00:00,2285,4
INV-000074,ALR-000108,ENT-01,ANALYST-003,CLOSED,2024-04-21 11:32:34.207351+00:00,2024-04-21 11:41:51.207351+00:00,557,2
INV-000075,ALR-000109,ENT-01,ANALYST-010,IN_PROGRESS,2024-04-23 11:19:02.102677+00:00,,,1
INV-000076,ALR-000110,ENT-01,ANALYST-007,CLOSED,2024-04-21 09:07:46.477859+00:00,2024-04-21 13:01:46.477859+00:00,14040,4
INV-000077,ALR-000111,ENT-01,ANALYST-009,CLOSED,2024-04-07 04:19:05.391556+00:00,2024-04-07 04:38:35.391556+00:00,1170,1
INV-000078,ALR-000114,ENT-01,ANALYST-018,ABANDONED,2024-04-08 09:47:58.588055+00:00,2024-04-08 10:07:42.588055+00:00,1184,0
INV-000079,ALR-000115,ENT-01,ANALYST-002,CLOSED,2024-04-27 02:36:13.734062+00:00,2024-04-27 07:51:17.734062+00:00,18904,7
INV-000080,ALR-000116,ENT-01,ANALYST-002,CLOSED,2024-04-11 23:38:21.258635+00:00,2024-04-12 00:12:32.258635+00:00,2051,2
INV-000081,ALR-000118,ENT-01,ANALYST-009,CLOSED,2024-04-08 12:42:37.796900+00:00,2024-04-08 13:13:27.796900+00:00,1850,3
INV-000082,ALR-000121,ENT-01,ANALYST-025,CLOSED,2024-04-27 09:22:42.205737+00:00,2024-04-27 09:57:42.205737+00:00,2100,3
INV-000083,ALR-000122,ENT-01,ANALYST-017,CLOSED,2024-04-08 13:08:44.061305+00:00,2024-04-08 13:14:48.061305+00:00,364,1
INV-000084,ALR-000123,ENT-01,ANALYST-017,CLOSED,2024-04-13 14:41:33.617968+00:00,2024-04-13 16:58:57.617968+00:00,8244,7
INV-000085,ALR-000125,ENT-01,ANALYST-020,CLOSED,2024-04-15 16:15:49.846606+00:00,2024-04-15 19:28:30.846606+00:00,11561,2
INV-000086,ALR-000128,ENT-01,ANALYST-013,CLOSED,2024-04-13 08:25:32.240599+00:00,2024-04-13 10:43:57.240599+00:00,8305,9
INV-000087,ALR-000129,ENT-01,ANALYST-024,ABANDONED,2024-04-13 15:36:44.042866+00:00,2024-04-13 15:51:07.042866+00:00,863,2
INV-000088,ALR-000131,ENT-01,ANALYST-011,CLOSED,2024-04-19 14:30:58.845068+00:00,2024-04-19 16:33:20.845068+00:00,7342,8
INV-000089,ALR-000133,ENT-01,ANALYST-013,CLOSED,2024-04-27 00:18:06.071985+00:00,2024-04-27 00:47:21.071985+00:00,1755,7
INV-000090,ALR-000135,ENT-01,ANALYST-012,CLOSED,2024-04-07 02:16:22.868498+00:00,2024-04-07 06:01:53.868498+00:00,13531,5
INV-000091,ALR-000136,ENT-01,ANALYST-025,CLOSED,2024-05-09 19:49:58.638184+00:00,2024-05-09 21:10:50.638184+00:00,4852,9
INV-000092,ALR-000137,ENT-01,ANALYST-012,CLOSED,2024-05-29 11:20:01.799200+00:00,2024-05-29 11:50:53.799200+00:00,1852,3
INV-000093,ALR-000138,ENT-01,ANALYST-016,CLOSED,2024-05-24 12:09:43.042346+00:00,2024-05-24 13:41:30.042346+00:00,5507,6
INV-000094,ALR-000140,ENT-01,ANALYST-011,CLOSED,2024-05-28 11:57:46.389906+00:00,2024-05-28 12:30:36.389906+00:00,1970,3
INV-000095,ALR-000142,ENT-01,ANALYST-024,CLOSED,2024-05-28 12:31:38.944452+00:00,2024-05-28 12:36:38.944452+00:00,300,3
INV-000096,ALR-000144,ENT-01,ANALYST-021,CLOSED,2024-05-18 10:37:54.577948+00:00,2024-05-18 14:35:05.577948+00:00,14231,7
INV-000097,ALR-000147,ENT-01,ANALYST-009,CLOSED,2024-05-08 19:57:32.532472+00:00,2024-05-08 22:10:56.532472+00:00,8004,6
INV-000098,ALR-000150,ENT-01,ANALYST-004,CLOSED,2024-05-08 03:15:17.044974+00:00,2024-05-08 04:28:04.044974+00:00,4367,4
INV-000099,ALR-000152,ENT-01,ANALYST-004,CLOSED,2024-05-08 10:12:31.626611+00:00,2024-05-08 13:08:02.626611+00:00,10531,7
INV-000100,ALR-000153,ENT-01,ANALYST-007,CLOSED,2024-05-10 06:29:39.150532+00:00,2024-05-10 07:02:50.150532+00:00,1991,5
INV-000101,ALR-000154,ENT-01,ANALYST-001,CLOSED,2024-05-04 23:04:25.694719+00:00,2024-05-05 00:46:47.694719+00:00,6142,7
INV-000102,ALR-000157,ENT-01,ANALYST-018,CLOSED,2024-05-14 17:51:53.763504+00:00,2024-05-14 19:18:45.763504+00:00,5212,4
INV-000103,ALR-000161,ENT-01,ANALYST-015,CLOSED,2024-05-15 01:06:59.533499+00:00,2024-05-15 02:57:54.533499+00:00,6655,4
INV-000104,ALR-000162,ENT-01,ANALYST-011,CLOSED,2024-05-19 15:33:12.877777+00:00,2024-05-19 15:47:59.877777+00:00,887,1
INV-000105,ALR-000163,ENT-01,ANALYST-023,CLOSED,2024-05-06 06:17:48.947005+00:00,2024-05-06 07:04:33.947005+00:00,2805,4
INV-000106,ALR-000164,ENT-01,ANALYST-021,CLOSED,2024-05-04 14:56:51.938849+00:00,2024-05-04 15:23:45.938849+00:00,1614,2
INV-000107,ALR-000169,ENT-01,ANALYST-017,IN_PROGRESS,2024-06-12 03:06:57.300313+00:00,,,2
INV-000108,ALR-000170,ENT-01,ANALYST-009,CLOSED,2024-06-07 19:57:58.154629+00:00,2024-06-07 20:14:24.154629+00:00,986,5
INV-000109,ALR-000172,ENT-01,ANALYST-002,CLOSED,2024-06-15 08:39:35.103686+00:00,2024-06-15 08:52:02.103686+00:00,747,5
INV-000110,ALR-000174,ENT-01,ANALYST-006,CLOSED,2024-06-28 22:11:59.455535+00:00,2024-06-28 23:34:48.455535+00:00,4969,9
INV-000111,ALR-000175,ENT-01,ANALYST-013,CLOSED,2024-06-19 18:29:43.744523+00:00,2024-06-19 19:52:11.744523+00:00,4948,6
INV-000112,ALR-000176,ENT-01,ANALYST-023,CLOSED,2024-06-25 21:01:57.266761+00:00,2024-06-25 21:55:48.266761+00:00,3231,7
INV-000113,ALR-000177,ENT-01,ANALYST-025,CLOSED,2024-06-01 00:40:37.628220+00:00,2024-06-01 02:35:50.628220+00:00,6913,9
INV-000114,ALR-000178,ENT-01,ANALYST-023,CLOSED,2024-06-15 20:08:09.046822+00:00,2024-06-15 20:33:12.046822+00:00,1503,1
INV-000115,ALR-000179,ENT-01,ANALYST-003,ABANDONED,2024-06-11 04:52:29.746957+00:00,2024-06-11 05:06:30.746957+00:00,841,2
INV-000116,ALR-000180,ENT-01,ANALYST-024,CLOSED,2024-06-12 22:25:23.635321+00:00,2024-06-13 03:16:03.635321+00:00,17440,10
INV-000117,ALR-000181,ENT-01,ANALYST-005,IN_PROGRESS,2024-06-07 10:03:13.101816+00:00,,,2
INV-000118,ALR-000183,ENT-01,ANALYST-011,CLOSED,2024-06-13 11:23:42.880194+00:00,2024-06-13 12:42:15.880194+00:00,4713,2
INV-000119,ALR-000185,ENT-01,ANALYST-022,CLOSED,2024-06-17 22:01:36.151550+00:00,2024-06-18 02:23:17.151550+00:00,15701,7
INV-000120,ALR-000186,ENT-01,ANALYST-022,CLOSED,2024-06-16 07:49:07.794196+00:00,2024-06-16 08:21:46.794196+00:00,1959,6
INV-000121,ALR-000188,ENT-01,ANALYST-001,CLOSED,2024-06-22 14:40:22.979370+00:00,2024-06-22 15:28:36.979370+00:00,2894,5
INV-000122,ALR-000189,ENT-01,ANALYST-002,CLOSED,2024-06-21 03:03:17.627918+00:00,2024-06-21 05:35:21.627918+00:00,9124,3
INV-000123,ALR-000190,ENT-01,ANALYST-024,CLOSED,2024-06-03 15:48:52.190548+00:00,2024-06-03 16:21:36.190548+00:00,1964,7
INV-000124,ALR-000191,ENT-01,ANALYST-010,CLOSED,2024-06-16 00:43:15.816572+00:00,2024-06-16 04:18:31.816572+00:00,12916,7
INV-000125,ALR-000196,ENT-01,ANALYST-003,CLOSED,2024-06-20 21:38:55.571990+00:00,2024-06-20 22:01:06.571990+00:00,1331,4
INV-000126,ALR-000197,ENT-01,ANALYST-003,CLOSED,2024-06-28 15:45:50.786074+00:00,2024-06-28 18:16:46.786074+00:00,9056,5
INV-000127,ALR-000198,ENT-01,ANALYST-006,CLOSED,2024-06-09 21:18:44.170908+00:00,2024-06-09 23:56:24.170908+00:00,9460,5
INV-000128,ALR-000199,ENT-01,ANALYST-016,CLOSED,2024-06-19 09:58:57.956160+00:00,2024-06-19 11:38:37.956160+00:00,5980,5
INV-000129,ALR-000203,ENT-02,ANALYST-033,IN_PROGRESS,2024-01-29 00:59:22.830561+00:00,,,0
INV-000130,ALR-000204,ENT-02,ANALYST-032,CLOSED,2024-01-24 19:58:50.083034+00:00,2024-01-24 21:52:18.083034+00:00,6808,4
INV-000131,ALR-000206,ENT-02,ANALYST-033,CLOSED,2024-01-07 17:42:24.362722+00:00,2024-01-07 19:32:08.362722+00:00,6584,7
INV-000132,ALR-000207,ENT-02,ANALYST-029,CLOSED,2024-01-26 06:16:11.207901+00:00,2024-01-26 08:31:07.207901+00:00,8096,4
INV-000133,ALR-000208,ENT-02,ANALYST-027,ABANDONED,2024-01-06 11:11:39.905232+00:00,2024-01-06 11:22:21.905232+00:00,642,0
INV-000134,ALR-000210,ENT-02,ANALYST-030,CLOSED,2024-01-09 10:18:44.610419+00:00,2024-01-09 17:35:20.610419+00:00,26196,4
INV-000135,ALR-000211,ENT-02,ANALYST-031,CLOSED,2024-01-18 15:06:39.680609+00:00,2024-01-18 18:57:20.680609+00:00,13841,11
INV-000136,ALR-000214,ENT-02,ANALYST-031,CLOSED,2024-01-19 21:11:47.816352+00:00,2024-01-19 21:42:45.816352+00:00,1858,2
INV-000137,ALR-000215,ENT-02,ANALYST-027,CLOSED,2024-02-10 18:53:40.734763+00:00,2024-02-10 19:18:31.734763+00:00,1491,7
INV-000138,ALR-000216,ENT-02,ANALYST-031,CLOSED,2024-02-12 10:37:58.638224+00:00,2024-02-12 11:14:03.638224+00:00,2165,1
INV-000139,ALR-000217,ENT-02,ANALYST-033,CLOSED,2024-02-04 04:55:40.906313+00:00,2024-02-04 07:01:33.906313+00:00,7553,10
INV-000140,ALR-000218,ENT-02,ANALYST-028,CLOSED,2024-02-28 05:52:01.426012+00:00,2024-02-28 07:28:21.426012+00:00,5780,4
INV-000141,ALR-000219,ENT-02,ANALYST-033,IN_PROGRESS,2024-02-06 07:37:47.280738+00:00,,,2
INV-000142,ALR-000221,ENT-02,ANALYST-027,CLOSED,2024-02-21 18:57:07.464977+00:00,2024-02-21 21:15:16.464977+00:00,8289,2
INV-000143,ALR-000225,ENT-02,ANALYST-034,CLOSED,2024-02-07 07:03:31.928274+00:00,2024-02-07 07:33:05.928274+00:00,1774,7
INV-000144,ALR-000226,ENT-02,ANALYST-031,CLOSED,2024-02-20 17:51:35.956098+00:00,2024-02-20 18:25:38.956098+00:00,2043,2
INV-000145,ALR-000228,ENT-02,ANALYST-035,CLOSED,2024-02-04 04:23:55.671518+00:00,2024-02-04 04:31:01.671518+00:00,426,2
INV-000146,ALR-000229,ENT-02,ANALYST-026,CLOSED,2024-02-18 20:18:14.484875+00:00,2024-02-18 21:21:09.484875+00:00,3775,3
INV-000147,ALR-000230,ENT-02,ANALYST-031,CLOSED,2024-03-25 22:36:12.225743+00:00,2024-03-25 23:39:45.225743+00:00,3813,7
INV-000148,ALR-000231,ENT-02,ANALYST-033,CLOSED,2024-03-09 04:10:21.659841+00:00,2024-03-09 06:54:49.659841+00:00,9868,5
INV-000149,ALR-000232,ENT-02,ANALYST-035,CLOSED,2024-03-28 03:08:52.923572+00:00,2024-03-28 04:38:53.923572+00:00,5401,5
INV-000150,ALR-000234,ENT-02,ANALYST-033,CLOSED,2024-03-22 09:47:26.358863+00:00,2024-03-22 10:51:02.358863+00:00,3816,10
INV-000151,ALR-000235,ENT-02,ANALYST-033,CLOSED,2024-03-18 07:38:21.209738+00:00,2024-03-18 08:03:07.209738+00:00,1486,4
INV-000152,ALR-000236,ENT-02,ANALYST-027,CLOSED,2024-03-28 00:08:27.336875+00:00,2024-03-28 04:01:42.336875+00:00,13995,9
INV-000153,ALR-000237,ENT-02,ANALYST-031,CLOSED,2024-03-30 16:29:06.173666+00:00,2024-03-30 18:46:02.173666+00:00,8216,5
INV-000154,ALR-000238,ENT-02,ANALYST-029,CLOSED,2024-03-25 03:50:44.301889+00:00,2024-03-25 05:50:28.301889+00:00,7184,6
INV-000155,ALR-000240,ENT-02,ANALYST-031,IN_PROGRESS,2024-03-09 09:14:44.431065+00:00,,,3
INV-000156,ALR-000242,ENT-02,ANALYST-026,IN_PROGRESS,2024-03-29 13:47:45.607231+00:00,,,0
INV-000157,ALR-000243,ENT-02,ANALYST-034,CLOSED,2024-03-12 21:21:18.784126+00:00,2024-03-13 01:33:06.784126+00:00,15108,4
INV-000158,ALR-000244,ENT-02,ANALYST-027,CLOSED,2024-03-03 17:20:36.888316+00:00,2024-03-03 18:40:37.888316+00:00,4801,13
INV-000159,ALR-000245,ENT-02,ANALYST-028,CLOSED,2024-03-01 02:25:02.886752+00:00,2024-03-01 03:01:01.886752+00:00,2159,10
INV-000160,ALR-000248,ENT-02,ANALYST-027,CLOSED,2024-03-05 11:47:53.201935+00:00,2024-03-05 12:36:51.201935+00:00,2938,1
INV-000161,ALR-000249,ENT-02,ANALYST-033,CLOSED,2024-04-08 17:16:58.953038+00:00,2024-04-08 18:06:30.953038+00:00,2972,4
INV-000162,ALR-000250,ENT-02,ANALYST-027,CLOSED,2024-04-10 14:13:17.175124+00:00,2024-04-10 14:51:21.175124+00:00,2284,4
INV-000163,ALR-000251,ENT-02,ANALYST-035,CLOSED,2024-04-09 18:18:27.935510+00:00,2024-04-09 21:42:11.935510+00:00,12224,8
INV-000164,ALR-000252,ENT-02,ANALYST-027,CLOSED,2024-04-25 10:59:02.945549+00:00,2024-04-25 11:37:05.945549+00:00,2283,4
INV-000165,ALR-000253,ENT-02,ANALYST-030,CLOSED,2024-04-27 21:49:03.506130+00:00,2024-04-27 22:19:23.506130+00:00,1820,7
INV-000166,ALR-000255,ENT-02,ANALYST-034,CLOSED,2024-04-11 14:06:06.133471+00:00,2024-04-11 15:09:05.133471+00:00,3779,6
INV-000167,ALR-000256,ENT-02,ANALYST-031,CLOSED,2024-04-22 21:13:42.490059+00:00,2024-04-22 23:13:19.490059+00:00,7177,5
INV-000168,ALR-000257,ENT-02,ANALYST-029,CLOSED,2024-04-10 15:58:15.593393+00:00,2024-04-10 17:10:27.593393+00:00,4332,8
INV-000169,ALR-000259,ENT-02,ANALYST-028,CLOSED,2024-04-17 20:50:11.698836+00:00,2024-04-17 21:08:54.698836+00:00,1123,1
INV-000170,ALR-000260,ENT-02,ANALYST-034,CLOSED,2024-04-17 08:55:30.228796+00:00,2024-04-17 11:45:37.228796+00:00,10207,5
INV-000171,ALR-000261,ENT-02,ANALYST-035,CLOSED,2024-04-26 13:01:45.751291+00:00,2024-04-26 14:08:58.751291+00:00,4033,4
INV-000172,ALR-000262,ENT-02,ANALYST-027,CLOSED,2024-04-01 07:30:17.756225+00:00,2024-04-01 09:09:32.756225+00:00,5955,6
INV-000173,ALR-000263,ENT-02,ANALYST-031,CLOSED,2024-04-01 13:02:25.740129+00:00,2024-04-01 13:21:05.740129+00:00,1120,3
INV-000174,ALR-000270,ENT-02,ANALYST-031,CLOSED,2024-05-31 14:05:10.098462+00:00,2024-05-31 15:10:46.098462+00:00,3936,4
INV-000175,ALR-000271,ENT-02,ANALYST-030,CLOSED,2024-05-14 11:16:37.797638+00:00,2024-05-14 11:25:44.797638+00:00,547,1
INV-000176,ALR-000272,ENT-02,ANALYST-028,CLOSED,2024-05-15 21:56:20.895799+00:00,2024-05-15 23:40:01.895799+00:00,6221,3
INV-000177,ALR-000274,ENT-02,ANALYST-027,CLOSED,2024-05-19 15:01:57.976334+00:00,2024-05-19 15:25:23.976334+00:00,1406,2
INV-000178,ALR-000275,ENT-02,ANALYST-028,IN_PROGRESS,2024-05-06 17:12:25.759921+00:00,,,1
INV-000179,ALR-000277,ENT-02,ANALYST-029,CLOSED,2024-05-20 03:29:44.096331+00:00,2024-05-20 03:51:07.096331+00:00,1283,4
INV-000180,ALR-000281,ENT-02,ANALYST-033,CLOSED,2024-05-18 06:10:37.256854+00:00,2024-05-18 06:23:16.256854+00:00,759,3
INV-000181,ALR-000283,ENT-02,ANALYST-027,IN_PROGRESS,2024-06-03 13:55:01.568000+00:00,,,2
INV-000182,ALR-000285,ENT-02,ANALYST-031,CLOSED,2024-06-24 05:16:55.678931+00:00,2024-06-24 05:53:47.678931+00:00,2212,5
INV-000183,ALR-000287,ENT-02,ANALYST-026,CLOSED,2024-06-12 03:10:56.913544+00:00,2024-06-12 05:45:15.913544+00:00,9259,3
INV-000184,ALR-000288,ENT-02,ANALYST-035,IN_PROGRESS,2024-06-03 19:25:04.961791+00:00,,,1
INV-000185,ALR-000290,ENT-02,ANALYST-027,CLOSED,2024-06-05 02:49:39.741664+00:00,2024-06-05 05:12:59.741664+00:00,8600,5
INV-000186,ALR-000291,ENT-02,ANALYST-033,CLOSED,2024-06-28 23:26:45.504486+00:00,2024-06-29 00:56:27.504486+00:00,5382,9
INV-000187,ALR-000292,ENT-02,ANALYST-026,CLOSED,2024-06-09 03:58:08.728899+00:00,2024-06-09 05:07:40.728899+00:00,4172,8
INV-000188,ALR-000294,ENT-02,ANALYST-033,CLOSED,2024-06-06 00:42:58.103027+00:00,2024-06-06 01:06:20.103027+00:00,1402,4
INV-000189,ALR-000295,ENT-03,ANALYST-037,CLOSED,2024-01-26 17:48:27.140404+00:00,2024-01-26 18:11:34.140404+00:00,1387,10
INV-000190,ALR-000297,ENT-03,ANALYST-053,CLOSED,2024-01-02 06:01:17.731620+00:00,2024-01-02 07:24:36.731620+00:00,4999,6
INV-000191,ALR-000299,ENT-03,ANALYST-056,CLOSED,2024-01-28 05:56:11.934313+00:00,2024-01-28 06:04:51.934313+00:00,520,2
INV-000192,ALR-000301,ENT-03,ANALYST-055,CLOSED,2024-01-30 18:29:58.051574+00:00,2024-01-30 23:15:29.051574+00:00,17131,9
INV-000193,ALR-000302,ENT-03,ANALYST-053,IN_PROGRESS,2024-01-20 04:24:36.899239+00:00,,,5
INV-000194,ALR-000304,ENT-03,ANALYST-047,CLOSED,2024-01-21 11:43:48.914373+00:00,2024-01-21 12:46:38.914373+00:00,3770,6
INV-000195,ALR-000308,ENT-03,ANALYST-039,CLOSED,2024-01-18 21:07:57.413141+00:00,2024-01-19 00:31:10.413141+00:00,12193,9
INV-000196,ALR-000309,ENT-03,ANALYST-038,CLOSED,2024-01-25 20:36:01.340104+00:00,2024-01-25 22:50:36.340104+00:00,8075,6
INV-000197,ALR-000310,ENT-03,ANALYST-040,CLOSED,2024-01-08 19:29:36.793237+00:00,2024-01-08 20:18:00.793237+00:00,2904,3
INV-000198,ALR-000312,ENT-03,ANALYST-037,ABANDONED,2024-01-04 13:54:12.380540+00:00,2024-01-04 14:17:43.380540+00:00,1411,2
INV-000199,ALR-000313,ENT-03,ANALYST-038,CLOSED,2024-01-24 17:56:04.415413+00:00,2024-01-24 18:31:26.415413+00:00,2122,5
INV-000200,ALR-000315,ENT-03,ANALYST-042,CLOSED,2024-01-23 10:51:25.366195+00:00,2024-01-23 11:37:02.366195+00:00,2737,9
INV-000201,ALR-000318,ENT-03,ANALYST-051,CLOSED,2024-01-28 00:20:13.763176+00:00,2024-01-28 00:48:27.763176+00:00,1694,6
INV-000202,ALR-000319,ENT-03,ANALYST-055,CLOSED,2024-01-24 11:29:40.401713+00:00,2024-01-24 12:58:32.401713+00:00,5332,5
INV-000203,ALR-000320,ENT-03,ANALYST-050,CLOSED,2024-01-11 05:37:09.334012+00:00,2024-01-11 07:50:52.334012+00:00,8023,6
INV-000204,ALR-000321,ENT-03,ANALYST-038,CLOSED,2024-01-29 11:25:32.687257+00:00,2024-01-29 11:53:17.687257+00:00,1665,4
INV-000205,ALR-000322,ENT-03,ANALYST-056,CLOSED,2024-01-03 13:44:18.783098+00:00,2024-01-03 15:36:06.783098+00:00,6708,7
INV-000206,ALR-000324,ENT-03,ANALYST-041,CLOSED,2024-02-25 09:28:24.843976+00:00,2024-02-25 09:50:32.843976+00:00,1328,3
INV-000207,ALR-000326,ENT-03,ANALYST-037,CLOSED,2024-02-14 12:32:59.320839+00:00,2024-02-14 13:20:16.320839+00:00,2837,4
INV-000208,ALR-000328,ENT-03,ANALYST-052,CLOSED,2024-02-20 03:09:49.035686+00:00,2024-02-20 03:17:02.035686+00:00,433,3
INV-000209,ALR-000329,ENT-03,ANALYST-047,CLOSED,2024-02-18 15:01:42.843018+00:00,2024-02-18 16:41:33.843018+00:00,5991,5
INV-000210,ALR-000330,ENT-03,ANALYST-055,ABANDONED,2024-02-26 13:37:00.758987+00:00,2024-02-26 14:47:33.758987+00:00,4233,3
INV-000211,ALR-000332,ENT-03,ANALYST-050,CLOSED,2024-02-17 06:35:13.763595+00:00,2024-02-17 06:50:58.763595+00:00,945,1
INV-000212,ALR-000333,ENT-03,ANALYST-037,CLOSED,2024-02-29 11:10:16.359304+00:00,2024-02-29 11:30:27.359304+00:00,1211,5
INV-000213,ALR-000334,ENT-03,ANALYST-045,CLOSED,2024-02-19 16:49:11.871149+00:00,2024-02-19 18:52:08.871149+00:00,7377,1
INV-000214,ALR-000335,ENT-03,ANALYST-042,CLOSED,2024-02-15 04:11:37.547458+00:00,2024-02-15 06:30:01.547458+00:00,8304,3
INV-000215,ALR-000336,ENT-03,ANALYST-052,CLOSED,2024-02-10 01:22:32.561310+00:00,2024-02-10 05:30:26.561310+00:00,14874,3
INV-000216,ALR-000337,ENT-03,ANALYST-053,CLOSED,2024-02-03 01:43:18.665601+00:00,2024-02-03 02:20:25.665601+00:00,2227,1
INV-000217,ALR-000338,ENT-03,ANALYST-051,CLOSED,2024-02-14 06:10:42.187059+00:00,2024-02-14 07:31:23.187059+00:00,4841,4
INV-000218,ALR-000339,ENT-03,ANALYST-054,CLOSED,2024-02-16 20:11:24.021994+00:00,2024-02-16 20:25:28.021994+00:00,844,3
INV-000219,ALR-000341,ENT-03,ANALYST-044,CLOSED,2024-02-01 02:03:35.032231+00:00,2024-02-01 06:25:19.032231+00:00,15704,5
INV-000220,ALR-000343,ENT-03,ANALYST-048,CLOSED,2024-02-14 00:29:15.066166+00:00,2024-02-14 00:56:24.066166+00:00,1629,5
INV-000221,ALR-000345,ENT-03,ANALYST-057,CLOSED,2024-02-13 21:03:34.831624+00:00,2024-02-13 21:39:33.831624+00:00,2159,5
INV-000222,ALR-000346,ENT-03,ANALYST-040,CLOSED,2024-02-03 18:35:11.947570+00:00,2024-02-03 18:48:48.947570+00:00,817,3
INV-000223,ALR-000347,ENT-03,ANALYST-051,CLOSED,2024-02-18 04:56:23.611278+00:00,2024-02-18 05:16:24.611278+00:00,1201,1
INV-000224,ALR-000348,ENT-03,ANALYST-038,CLOSED,2024-02-24 18:13:06.163065+00:00,2024-02-24 18:20:47.163065+00:00,461,5
INV-000225,ALR-000349,ENT-03,ANALYST-047,CLOSED,2024-02-10 10:34:04.882976+00:00,2024-02-10 11:41:00.882976+00:00,4016,6
INV-000226,ALR-000350,ENT-03,ANALYST-040,CLOSED,2024-02-29 01:35:20.421474+00:00,2024-02-29 05:41:48.421474+00:00,14788,6
INV-000227,ALR-000351,ENT-03,ANALYST-050,CLOSED,2024-02-02 00:31:39.600357+00:00,2024-02-02 02:07:29.600357+00:00,5750,5
INV-000228,ALR-000352,ENT-03,ANALYST-057,IN_PROGRESS,2024-02-02 03:32:43.020456+00:00,,,1
INV-000229,ALR-000353,ENT-03,ANALYST-042,CLOSED,2024-02-02 11:16:45.545353+00:00,2024-02-02 12:25:59.545353+00:00,4154,5
INV-000230,ALR-000355,ENT-03,ANALYST-043,CLOSED,2024-02-13 16:36:56.291931+00:00,2024-02-13 16:42:01.291931+00:00,305,1
INV-000231,ALR-000356,ENT-03,ANALYST-046,CLOSED,2024-02-23 14:42:19.808975+00:00,2024-02-23 14:53:12.808975+00:00,653,2
INV-000232,ALR-000357,ENT-03,ANALYST-047,CLOSED,2024-02-03 19:34:19.155888+00:00,2024-02-03 20:20:41.155888+00:00,2782,7
INV-000233,ALR-000359,ENT-03,ANALYST-045,CLOSED,2024-02-13 23:34:15.593432+00:00,2024-02-14 03:01:24.593432+00:00,12429,4
INV-000234,ALR-000362,ENT-03,ANALYST-043,CLOSED,2024-02-23 10:03:00.199718+00:00,2024-02-23 11:28:35.199718+00:00,5135,4
INV-000235,ALR-000366,ENT-03,ANALYST-045,CLOSED,2024-02-07 06:34:46.088202+00:00,2024-02-07 07:53:18.088202+00:00,4712,7
INV-000236,ALR-000367,ENT-03,ANALYST-039,CLOSED,2024-02-22 04:29:19.482634+00:00,2024-02-22 04:47:27.482634+00:00,1088,2
INV-000237,ALR-000368,ENT-03,ANALYST-043,CLOSED,2024-03-03 10:31:54.662023+00:00,2024-03-03 13:22:16.662023+00:00,10222,7
INV-000238,ALR-000371,ENT-03,ANALYST-047,IN_PROGRESS,2024-03-02 02:15:04.315469+00:00,,,2
INV-000239,ALR-000372,ENT-03,ANALYST-041,CLOSED,2024-03-16 10:26:38.869149+00:00,2024-03-16 11:04:15.869149+00:00,2257,2
INV-000240,ALR-000377,ENT-03,ANALYST-043,IN_PROGRESS,2024-03-23 04:01:55.895135+00:00,,,1
INV-000241,ALR-000378,ENT-03,ANALYST-039,CLOSED,2024-03-11 08:44:42.535123+00:00,2024-03-11 12:23:38.535123+00:00,13136,11
INV-000242,ALR-000379,ENT-03,ANALYST-047,CLOSED,2024-03-26 14:10:01.603532+00:00,2024-03-26 19:09:19.603532+00:00,17958,10
INV-000243,ALR-000381,ENT-03,ANALYST-049,CLOSED,2024-03-19 00:45:25.120665+00:00,2024-03-19 01:26:14.120665+00:00,2449,4
INV-000244,ALR-000382,ENT-03,ANALYST-043,CLOSED,2024-03-11 21:58:37.587033+00:00,2024-03-11 23:18:13.587033+00:00,4776,5
INV-000245,ALR-000383,ENT-03,ANALYST-044,CLOSED,2024-03-18 03:26:05.283347+00:00,2024-03-18 06:07:06.283347+00:00,9661,10
INV-000246,ALR-000386,ENT-03,ANALYST-048,CLOSED,2024-03-08 18:34:50.179421+00:00,2024-03-08 19:10:31.179421+00:00,2141,3
INV-000247,ALR-000388,ENT-03,ANALYST-050,CLOSED,2024-03-15 00:47:58.420730+00:00,2024-03-15 03:01:09.420730+00:00,7991,3
INV-000248,ALR-000389,ENT-03,ANALYST-047,CLOSED,2024-03-17 20:45:27.661927+00:00,2024-03-17 21:21:12.661927+00:00,2145,3
INV-000249,ALR-000391,ENT-03,ANALYST-049,CLOSED,2024-03-06 22:28:13.490725+00:00,2024-03-06 22:44:07.490725+00:00,954,2
INV-000250,ALR-000392,ENT-03,ANALYST-044,CLOSED,2024-03-24 04:19:17.868526+00:00,2024-03-24 06:31:20.868526+00:00,7923,6
INV-000251,ALR-000394,ENT-03,ANALYST-039,CLOSED,2024-03-18 23:05:28.229104+00:00,2024-03-19 00:04:34.229104+00:00,3546,4
INV-000252,ALR-000395,ENT-03,ANALYST-046,CLOSED,2024-03-28 13:08:22.725232+00:00,2024-03-28 14:33:11.725232+00:00,5089,5
INV-000253,ALR-000396,ENT-03,ANALYST-057,CLOSED,2024-03-30 10:19:26.023979+00:00,2024-03-30 11:44:15.023979+00:00,5089,3
INV-000254,ALR-000397,ENT-03,ANALYST-051,CLOSED,2024-03-02 06:25:23.603809+00:00,2024-03-02 07:55:56.603809+00:00,5433,4
INV-000255,ALR-000398,ENT-03,ANALYST-051,CLOSED,2024-03-28 16:37:20.473874+00:00,2024-03-28 16:44:31.473874+00:00,431,1
INV-000256,ALR-000399,ENT-03,ANALYST-045,CLOSED,2024-03-18 11:29:10.721457+00:00,2024-03-18 13:46:17.721457+00:00,8227,6
INV-000257,ALR-000402,ENT-03,ANALYST-051,CLOSED,2024-03-04 21:01:40.965974+00:00,2024-03-04 23:02:46.965974+00:00,7266,12
INV-000258,ALR-000406,ENT-03,ANALYST-049,CLOSED,2024-03-29 21:21:18.295312+00:00,2024-03-29 22:39:12.295312+00:00,4674,9
INV-000259,ALR-000410,ENT-03,ANALYST-054,CLOSED,2024-04-21 04:08:33.492529+00:00,2024-04-21 04:22:41.492529+00:00,848,4
INV-000260,ALR-000411,ENT-03,ANALYST-057,IN_PROGRESS,2024-04-30 23:27:37.432725+00:00,,,2
INV-000261,ALR-000412,ENT-03,ANALYST-037,CLOSED,2024-04-03 08:13:50.438112+00:00,2024-04-03 08:34:28.438112+00:00,1238,2
INV-000262,ALR-000414,ENT-03,ANALYST-044,CLOSED,2024-04-01 14:47:09.922424+00:00,2024-04-01 17:50:07.922424+00:00,10978,10
INV-000263,ALR-000415,ENT-03,ANALYST-051,CLOSED,2024-04-17 14:35:17.697169+00:00,2024-04-17 16:53:38.697169+00:00,8301,5
INV-000264,ALR-000417,ENT-03,ANALYST-053,CLOSED,2024-04-12 19:55:56.573228+00:00,2024-04-12 20:12:54.573228+00:00,1018,6
INV-000265,ALR-000418,ENT-03,ANALYST-052,CLOSED,2024-04-19 15:37:39.479599+00:00,2024-04-19 17:16:31.479599+00:00,5932,3
INV-000266,ALR-000419,ENT-03,ANALYST-056,ABANDONED,2024-04-30 03:57:14.618247+00:00,2024-04-30 04:26:03.618247+00:00,1729,2
INV-000267,ALR-000423,ENT-03,ANALYST-038,IN_PROGRESS,2024-04-06 04:47:10.870471+00:00,,,0
INV-000268,ALR-000424,ENT-03,ANALYST-042,CLOSED,2024-04-26 17:45:18.470507+00:00,2024-04-26 18:12:24.470507+00:00,1626,3
INV-000269,ALR-000427,ENT-03,ANALYST-047,IN_PROGRESS,2024-04-29 22:21:04.787571+00:00,,,1
INV-000270,ALR-000428,ENT-03,ANALYST-056,CLOSED,2024-04-06 07:09:41.446132+00:00,2024-04-06 08:54:01.446132+00:00,6260,6
INV-000271,ALR-000430,ENT-03,ANALYST-039,CLOSED,2024-04-14 14:11:33.428049+00:00,2024-04-14 15:14:50.428049+00:00,3797,8
INV-000272,ALR-000432,ENT-03,ANALYST-037,CLOSED,2024-04-26 11:53:07.210141+00:00,2024-04-26 15:18:44.210141+00:00,12337,9
INV-000273,ALR-000433,ENT-03,ANALYST-045,CLOSED,2024-04-13 16:09:10.063854+00:00,2024-04-13 16:46:50.063854+00:00,2260,3
INV-000274,ALR-000434,ENT-03,ANALYST-041,CLOSED,2024-04-02 23:37:52.446898+00:00,2024-04-03 00:28:58.446898+00:00,3066,6
INV-000275,ALR-000435,ENT-03,ANALYST-046,CLOSED,2024-04-06 03:43:17.117256+00:00,2024-04-06 04:21:31.117256+00:00,2294,5
INV-000276,ALR-000436,ENT-03,ANALYST-049,CLOSED,2024-04-13 23:40:46.015662+00:00,2024-04-14 00:14:46.015662+00:00,2040,2
INV-000277,ALR-000437,ENT-03,ANALYST-053,CLOSED,2024-04-03 05:04:03.938475+00:00,2024-04-03 06:31:13.938475+00:00,5230,5
INV-000278,ALR-000441,ENT-03,ANALYST-041,CLOSED,2024-04-08 20:04:08.732120+00:00,2024-04-08 20:14:13.732120+00:00,605,4
INV-000279,ALR-000443,ENT-03,ANALYST-056,CLOSED,2024-04-02 00:47:55.789312+00:00,2024-04-02 01:56:31.789312+00:00,4116,5
INV-000280,ALR-000444,ENT-03,ANALYST-046,CLOSED,2024-04-29 22:36:37.615859+00:00,2024-04-30 01:23:25.615859+00:00,10008,6
INV-000281,ALR-000445,ENT-03,ANALYST-036,CLOSED,2024-04-18 05:14:31.462935+00:00,2024-04-18 06:22:48.462935+00:00,4097,5
INV-000282,ALR-000446,ENT-03,ANALYST-040,CLOSED,2024-04-09 17:58:36.788006+00:00,2024-04-09 18:40:51.788006+00:00,2535,5
INV-000283,ALR-000449,ENT-03,ANALYST-055,CLOSED,2024-04-24 13:07:22.854010+00:00,2024-04-24 14:47:24.854010+00:00,6002,5
INV-000284,ALR-000450,ENT-03,ANALYST-053,CLOSED,2024-04-21 18:18:54.021070+00:00,2024-04-21 18:31:38.021070+00:00,764,1
INV-000285,ALR-000451,ENT-03,ANALYST-055,IN_PROGRESS,2024-05-27 15:31:49.504719+00:00,,,2
INV-000286,ALR-000452,ENT-03,ANALYST-051,CLOSED,2024-05-27 23:11:38.409724+00:00,2024-05-27 23:47:33.409724+00:00,2155,4
INV-000287,ALR-000453,ENT-03,ANALYST-049,CLOSED,2024-05-01 16:03:54.392213+00:00,2024-05-01 17:03:09.392213+00:00,3555,6
INV-000288,ALR-000455,ENT-03,ANALYST-042,CLOSED,2024-05-25 14:01:06.715953+00:00,2024-05-25 14:22:15.715953+00:00,1269,1
INV-000289,ALR-000458,ENT-03,ANALYST-057,IN_PROGRESS,2024-05-31 09:22:19.947779+00:00,,,2
INV-000290,ALR-000459,ENT-03,ANALYST-051,CLOSED,2024-05-02 15:39:53.414435+00:00,2024-05-02 16:22:14.414435+00:00,2541,5
INV-000291,ALR-000460,ENT-03,ANALYST-051,CLOSED,2024-05-02 19:11:18.196598+00:00,2024-05-03 00:11:19.196598+00:00,18001,5
INV-000292,ALR-000465,ENT-03,ANALYST-055,CLOSED,2024-05-07 07:18:32.666276+00:00,2024-05-07 08:06:19.666276+00:00,2867,6
INV-000293,ALR-000466,ENT-03,ANALYST-057,CLOSED,2024-05-16 12:43:39.355388+00:00,2024-05-16 12:59:02.355388+00:00,923,3
INV-000294,ALR-000469,ENT-03,ANALYST-053,ABANDONED,2024-05-23 16:08:18.921504+00:00,2024-05-23 16:16:36.921504+00:00,498,0
INV-000295,ALR-000470,ENT-03,ANALYST-043,CLOSED,2024-05-10 10:03:51.948951+00:00,2024-05-10 10:23:25.948951+00:00,1174,1
INV-000296,ALR-000471,ENT-03,ANALYST-042,ABANDONED,2024-05-06 00:01:52.314732+00:00,2024-05-06 00:15:38.314732+00:00,826,0
INV-000297,ALR-000473,ENT-03,ANALYST-044,CLOSED,2024-05-13 10:50:41.797577+00:00,2024-05-13 12:07:03.797577+00:00,4582,4
INV-000298,ALR-000475,ENT-03,ANALYST-041,CLOSED,2024-05-29 05:24:42.846821+00:00,2024-05-29 05:42:23.846821+00:00,1061,1
INV-000299,ALR-000477,ENT-03,ANALYST-040,CLOSED,2024-05-07 17:13:48.310054+00:00,2024-05-07 17:45:32.310054+00:00,1904,3
INV-000300,ALR-000478,ENT-03,ANALYST-048,CLOSED,2024-05-05 15:57:58.537633+00:00,2024-05-05 16:26:14.537633+00:00,1696,6
INV-000301,ALR-000479,ENT-03,ANALYST-054,ABANDONED,2024-05-12 18:06:53.040216+00:00,2024-05-12 18:12:21.040216+00:00,328,0
INV-000302,ALR-000480,ENT-03,ANALYST-044,IN_PROGRESS,2024-05-02 00:28:57.832959+00:00,,,1
INV-000303,ALR-000481,ENT-03,ANALYST-052,CLOSED,2024-05-15 02:08:21.330857+00:00,2024-05-15 05:32:36.330857+00:00,12255,7
INV-000304,ALR-000482,ENT-03,ANALYST-039,CLOSED,2024-05-17 13:57:58.206238+00:00,2024-05-17 14:52:57.206238+00:00,3299,5
INV-000305,ALR-000483,ENT-03,ANALYST-041,CLOSED,2024-05-29 09:42:43.219162+00:00,2024-05-29 14:40:39.219162+00:00,17876,8
INV-000306,ALR-000484,ENT-03,ANALYST-054,CLOSED,2024-06-05 08:18:22.767249+00:00,2024-06-05 08:33:08.767249+00:00,886,1
INV-000307,ALR-000485,ENT-03,ANALYST-046,CLOSED,2024-06-04 08:11:04.034126+00:00,2024-06-04 08:32:31.034126+00:00,1287,3
INV-000308,ALR-000486,ENT-03,ANALYST-038,ABANDONED,2024-06-19 07:28:59.545851+00:00,2024-06-19 08:31:35.545851+00:00,3756,1
INV-000309,ALR-000487,ENT-03,ANALYST-043,CLOSED,2024-06-21 15:24:32.515473+00:00,2024-06-21 15:46:30.515473+00:00,1318,10
INV-000310,ALR-000488,ENT-03,ANALYST-051,CLOSED,2024-06-30 15:00:05.707452+00:00,2024-06-30 15:45:09.707452+00:00,2704,3
INV-000311,ALR-000489,ENT-03,ANALYST-047,CLOSED,2024-06-03 20:42:32.787868+00:00,2024-06-03 23:12:46.787868+00:00,9014,4
INV-000312,ALR-000492,ENT-03,ANALYST-055,CLOSED,2024-06-17 15:42:41.011107+00:00,2024-06-17 21:03:05.011107+00:00,19224,10
INV-000313,ALR-000495,ENT-03,ANALYST-039,CLOSED,2024-06-11 15:45:39.095381+00:00,2024-06-11 16:12:56.095381+00:00,1637,5
INV-000314,ALR-000497,ENT-03,ANALYST-053,CLOSED,2024-06-05 21:03:34.467740+00:00,2024-06-05 21:16:05.467740+00:00,751,3
INV-000315,ALR-000499,ENT-03,ANALYST-046,CLOSED,2024-06-30 18:24:38.756295+00:00,2024-06-30 19:34:34.756295+00:00,4196,6
INV-000316,ALR-000501,ENT-03,ANALYST-055,CLOSED,2024-06-13 12:00:28.626200+00:00,2024-06-13 12:55:10.626200+00:00,3282,3
INV-000317,ALR-000503,ENT-03,ANALYST-050,CLOSED,2024-06-04 10:45:23.525468+00:00,2024-06-04 11:48:01.525468+00:00,3758,4
INV-000318,ALR-000504,ENT-03,ANALYST-040,CLOSED,2024-06-27 12:07:43.318716+00:00,2024-06-27 13:08:01.318716+00:00,3618,11
INV-000319,ALR-000505,ENT-03,ANALYST-055,CLOSED,2024-06-06 05:37:57.120260+00:00,2024-06-06 06:16:25.120260+00:00,2308,3
INV-000320,ALR-000506,ENT-03,ANALYST-044,CLOSED,2024-06-09 16:00:06.108016+00:00,2024-06-09 16:14:24.108016+00:00,858,2
INV-000321,ALR-000507,ENT-03,ANALYST-050,CLOSED,2024-06-03 15:34:52.443589+00:00,2024-06-03 16:03:14.443589+00:00,1702,4
INV-000322,ALR-000509,ENT-03,ANALYST-044,CLOSED,2024-06-28 12:45:01.193327+00:00,2024-06-28 13:32:47.193327+00:00,2866,7
INV-000323,ALR-000510,ENT-03,ANALYST-045,CLOSED,2024-06-26 10:21:47.158284+00:00,2024-06-26 10:44:59.158284+00:00,1392,4
INV-000324,ALR-000511,ENT-03,ANALYST-039,CLOSED,2024-06-08 03:58:09.359345+00:00,2024-06-08 05:54:26.359345+00:00,6977,6
INV-000325,ALR-000513,ENT-03,ANALYST-050,CLOSED,2024-06-16 10:05:16.882038+00:00,2024-06-16 11:36:46.882038+00:00,5490,5
INV-000326,ALR-000514,ENT-03,ANALYST-044,CLOSED,2024-06-29 19:11:45.487609+00:00,2024-06-29 20:00:16.487609+00:00,2911,5
INV-000327,ALR-000516,ENT-03,ANALYST-043,CLOSED,2024-06-13 05:12:59.255717+00:00,2024-06-13 05:22:29.255717+00:00,570,1
INV-000328,ALR-000518,ENT-03,ANALYST-050,CLOSED,2024-06-25 23:39:34.555201+00:00,2024-06-25 23:49:47.555201+00:00,613,2
INV-000329,ALR-000519,ENT-04,ANALYST-060,ABANDONED,2024-01-21 03:13:53.354734+00:00,2024-01-21 03:32:01.354734+00:00,1088,2
INV-000330,ALR-000521,ENT-04,ANALYST-061,IN_PROGRESS,2024-01-13 19:57:24.546472+00:00,,,2
INV-000331,ALR-000522,ENT-04,ANALYST-061,IN_PROGRESS,2024-01-05 16:49:46.005217+00:00,,,1
INV-000332,ALR-000523,ENT-04,ANALYST-069,CLOSED,2024-01-26 16:39:18.471849+00:00,2024-01-26 23:01:32.471849+00:00,22934,9
INV-000333,ALR-000526,ENT-04,ANALYST-058,CLOSED,2024-01-05 17:24:05.605886+00:00,2024-01-05 18:58:34.605886+00:00,5669,4
INV-000334,ALR-000529,ENT-04,ANALYST-060,CLOSED,2024-01-22 12:46:00.029234+00:00,2024-01-22 15:31:56.029234+00:00,9956,7
INV-000335,ALR-000530,ENT-04,ANALYST-059,CLOSED,2024-01-10 03:39:22.038412+00:00,2024-01-10 06:05:01.038412+00:00,8739,9
INV-000336,ALR-000534,ENT-04,ANALYST-067,CLOSED,2024-01-27 15:02:07.305462+00:00,2024-01-27 16:17:23.305462+00:00,4516,7
INV-000337,ALR-000536,ENT-04,ANALYST-065,ABANDONED,2024-01-22 01:19:28.621547+00:00,2024-01-22 02:23:26.621547+00:00,3838,1
INV-000338,ALR-000537,ENT-04,ANALYST-062,CLOSED,2024-01-25 18:25:21.082471+00:00,2024-01-25 21:23:33.082471+00:00,10692,6
INV-000339,ALR-000538,ENT-04,ANALYST-059,IN_PROGRESS,2024-01-26 11:38:05.066536+00:00,,,1
INV-000340,ALR-000541,ENT-04,ANALYST-062,CLOSED,2024-01-27 20:35:13.893782+00:00,2024-01-27 20:55:09.893782+00:00,1196,2
INV-000341,ALR-000544,ENT-04,ANALYST-064,CLOSED,2024-02-14 12:50:34.177253+00:00,2024-02-14 13:05:18.177253+00:00,884,5
INV-000342,ALR-000547,ENT-04,ANALYST-068,IN_PROGRESS,2024-02-03 00:49:19.764634+00:00,,,1
INV-000343,ALR-000548,ENT-04,ANALYST-063,CLOSED,2024-02-28 12:18:58.224079+00:00,2024-02-28 13:31:11.224079+00:00,4333,5
INV-000344,ALR-000550,ENT-04,ANALYST-068,CLOSED,2024-02-03 09:28:07.781044+00:00,2024-02-03 09:55:05.781044+00:00,1618,1
INV-000345,ALR-000551,ENT-04,ANALYST-061,CLOSED,2024-02-27 15:35:38.317621+00:00,2024-02-27 16:00:06.317621+00:00,1468,3
INV-000346,ALR-000552,ENT-04,ANALYST-065,CLOSED,2024-02-17 21:19:10.205576+00:00,2024-02-17 22:50:17.205576+00:00,5467,4
INV-000347,ALR-000553,ENT-04,ANALYST-062,CLOSED,2024-02-08 22:20:57.543002+00:00,2024-02-08 22:33:07.543002+00:00,730,2
INV-000348,ALR-000554,ENT-04,ANALYST-068,CLOSED,2024-02-22 04:00:06.140458+00:00,2024-02-22 04:16:38.140458+00:00,992,1
INV-000349,ALR-000555,ENT-04,ANALYST-068,CLOSED,2024-02-28 09:37:41.107393+00:00,2024-02-28 09:54:57.107393+00:00,1036,2
INV-000350,ALR-000556,ENT-04,ANALYST-061,IN_PROGRESS,2024-02-06 23:03:14.074810+00:00,,,1
INV-000351,ALR-000557,ENT-04,ANALYST-061,CLOSED,2024-02-07 18:54:07.078524+00:00,2024-02-07 19:05:44.078524+00:00,697,2
INV-000352,ALR-000558,ENT-04,ANALYST-063,CLOSED,2024-02-14 04:23:00.905861+00:00,2024-02-14 04:40:27.905861+00:00,1047,1
INV-000353,ALR-000559,ENT-04,ANALYST-067,CLOSED,2024-02-08 17:52:36.310647+00:00,2024-02-08 20:51:11.310647+00:00,10715,6
INV-000354,ALR-000560,ENT-04,ANALYST-067,CLOSED,2024-02-03 21:09:21.953272+00:00,2024-02-03 21:43:23.953272+00:00,2042,1
INV-000355,ALR-000561,ENT-04,ANALYST-069,CLOSED,2024-02-09 15:54:19.163123+00:00,2024-02-09 17:11:57.163123+00:00,4658,3
INV-000356,ALR-000562,ENT-04,ANALYST-061,CLOSED,2024-03-02 22:49:55.101124+00:00,2024-03-03 00:31:32.101124+00:00,6097,4
INV-000357,ALR-000564,ENT-04,ANALYST-068,CLOSED,2024-03-04 07:42:06.042244+00:00,2024-03-04 08:17:42.042244+00:00,2136,3
INV-000358,ALR-000566,ENT-04,ANALYST-062,CLOSED,2024-03-23 11:59:26.203461+00:00,2024-03-23 14:42:57.203461+00:00,9811,7
INV-000359,ALR-000567,ENT-04,ANALYST-069,IN_PROGRESS,2024-03-31 08:12:38.507598+00:00,,,0
INV-000360,ALR-000569,ENT-04,ANALYST-063,CLOSED,2024-03-25 09:27:58.573681+00:00,2024-03-25 09:49:49.573681+00:00,1311,4
INV-000361,ALR-000572,ENT-04,ANALYST-062,CLOSED,2024-03-23 12:51:51.906138+00:00,2024-03-23 14:24:20.906138+00:00,5549,5
INV-000362,ALR-000573,ENT-04,ANALYST-058,IN_PROGRESS,2024-03-08 10:36:43.244372+00:00,,,1
INV-000363,ALR-000574,ENT-04,ANALYST-064,CLOSED,2024-03-15 13:22:27.764384+00:00,2024-03-15 15:22:48.764384+00:00,7221,7
INV-000364,ALR-000575,ENT-04,ANALYST-062,CLOSED,2024-03-08 03:04:14.949137+00:00,2024-03-08 04:01:55.949137+00:00,3461,1
INV-000365,ALR-000577,ENT-04,ANALYST-061,IN_PROGRESS,2024-03-29 19:49:19.851784+00:00,,,2
INV-000366,ALR-000578,ENT-04,ANALYST-060,CLOSED,2024-04-01 00:10:14.924713+00:00,2024-04-01 02:44:06.924713+00:00,9232,1
INV-000367,ALR-000581,ENT-04,ANALYST-060,CLOSED,2024-04-25 09:07:09.010705+00:00,2024-04-25 10:05:23.010705+00:00,3494,1
INV-000368,ALR-000582,ENT-04,ANALYST-069,CLOSED,2024-04-03 18:31:00.932652+00:00,2024-04-03 20:47:40.932652+00:00,8200,1
INV-000369,ALR-000585,ENT-04,ANALYST-065,CLOSED,2024-04-12 05:36:02.671540+00:00,2024-04-12 07:07:25.671540+00:00,5483,1
INV-000370,ALR-000586,ENT-04,ANALYST-069,CLOSED,2024-04-21 11:42:23.632423+00:00,2024-04-21 12:04:18.632423+00:00,1315,1
INV-000371,ALR-000588,ENT-04,ANALYST-061,CLOSED,2024-04-30 00:36:33.152431+00:00,2024-04-30 02:27:36.152431+00:00,6663,1
INV-000372,ALR-000589,ENT-04,ANALYST-065,CLOSED,2024-04-21 11:21:03.180720+00:00,2024-04-21 11:35:25.180720+00:00,862,1
INV-000373,ALR-000590,ENT-04,ANALYST-064,CLOSED,2024-04-10 09:12:03.018274+00:00,2024-04-10 11:00:05.018274+00:00,6482,1
INV-000374,ALR-000591,ENT-04,ANALYST-065,CLOSED,2024-04-10 11:00:49.239920+00:00,2024-04-10 11:30:08.239920+00:00,1759,1
INV-000375,ALR-000593,ENT-04,ANALYST-065,CLOSED,2024-04-12 16:08:58.934336+00:00,2024-04-12 17:16:45.934336+00:00,4067,1
INV-000376,ALR-000594,ENT-04,ANALYST-063,CLOSED,2024-04-26 17:19:14.527101+00:00,2024-04-26 18:24:32.527101+00:00,3918,1
INV-000377,ALR-000595,ENT-04,ANALYST-060,CLOSED,2024-04-14 12:00:56.831281+00:00,2024-04-14 12:14:31.831281+00:00,815,1
INV-000378,ALR-000597,ENT-04,ANALYST-064,CLOSED,2024-04-18 05:31:38.372517+00:00,2024-04-18 05:57:07.372517+00:00,1529,1
INV-000379,ALR-000598,ENT-04,ANALYST-066,CLOSED,2024-04-05 14:47:45.408813+00:00,2024-04-05 18:54:37.408813+00:00,14812,1
INV-000380,ALR-000600,ENT-04,ANALYST-068,CLOSED,2024-05-13 04:39:56.917535+00:00,2024-05-13 05:36:14.917535+00:00,3378,1
INV-000381,ALR-000602,ENT-04,ANALYST-065,CLOSED,2024-05-26 23:48:48.892161+00:00,2024-05-27 00:02:01.892161+00:00,793,1
INV-000382,ALR-000603,ENT-04,ANALYST-064,CLOSED,2024-05-11 14:16:36.231895+00:00,2024-05-11 15:17:44.231895+00:00,3668,1
INV-000383,ALR-000604,ENT-04,ANALYST-068,CLOSED,2024-05-26 05:00:14.237898+00:00,2024-05-26 08:26:35.237898+00:00,12381,1
INV-000384,ALR-000605,ENT-04,ANALYST-068,IN_PROGRESS,2024-05-22 11:03:18.271459+00:00,,,4
INV-000385,ALR-000607,ENT-04,ANALYST-061,CLOSED,2024-05-08 08:12:21.881617+00:00,2024-05-08 09:12:04.881617+00:00,3583,1
INV-000386,ALR-000608,ENT-04,ANALYST-065,CLOSED,2024-05-05 07:15:32.154919+00:00,2024-05-05 09:27:12.154919+00:00,7900,1
INV-000387,ALR-000609,ENT-04,ANALYST-067,CLOSED,2024-05-30 22:50:13.863955+00:00,2024-05-31 01:09:12.863955+00:00,8339,1
INV-000388,ALR-000610,ENT-04,ANALYST-068,CLOSED,2024-05-17 07:32:15.481036+00:00,2024-05-17 08:10:08.481036+00:00,2273,1
INV-000389,ALR-000612,ENT-04,ANALYST-068,CLOSED,2024-05-04 07:36:09.397038+00:00,2024-05-04 07:49:42.397038+00:00,813,1
INV-000390,ALR-000613,ENT-04,ANALYST-058,CLOSED,2024-05-05 16:54:01.910350+00:00,2024-05-05 17:43:10.910350+00:00,2949,1
INV-000391,ALR-000615,ENT-04,ANALYST-061,CLOSED,2024-05-02 09:09:50.259627+00:00,2024-05-02 10:12:42.259627+00:00,3772,1
INV-000392,ALR-000617,ENT-04,ANALYST-066,CLOSED,2024-05-15 23:36:46.926901+00:00,2024-05-16 01:57:54.926901+00:00,8468,1
INV-000393,ALR-000618,ENT-04,ANALYST-058,CLOSED,2024-06-26 12:17:07.425789+00:00,2024-06-26 13:16:34.425789+00:00,3567,1
INV-000394,ALR-000620,ENT-04,ANALYST-063,CLOSED,2024-06-13 01:44:35.995340+00:00,2024-06-13 02:52:45.995340+00:00,4090,1
INV-000395,ALR-000621,ENT-04,ANALYST-063,CLOSED,2024-06-07 10:44:03.426492+00:00,2024-06-07 11:54:01.426492+00:00,4198,1
INV-000396,ALR-000622,ENT-04,ANALYST-060,CLOSED,2024-06-03 07:03:54.907830+00:00,2024-06-03 07:55:39.907830+00:00,3105,1
INV-000397,ALR-000623,ENT-04,ANALYST-063,CLOSED,2024-06-04 02:26:39.751240+00:00,2024-06-04 03:51:57.751240+00:00,5118,1
INV-000398,ALR-000624,ENT-04,ANALYST-068,CLOSED,2024-06-11 02:18:52.651347+00:00,2024-06-11 02:28:23.651347+00:00,571,1
INV-000399,ALR-000627,ENT-04,ANALYST-061,CLOSED,2024-06-01 10:39:07.016481+00:00,2024-06-01 10:58:59.016481+00:00,1192,1
INV-000400,ALR-000628,ENT-04,ANALYST-061,CLOSED,2024-06-03 11:09:57.740455+00:00,2024-06-03 11:19:57.740455+00:00,600,1
INV-000401,ALR-000629,ENT-04,ANALYST-059,CLOSED,2024-06-05 09:56:26.979777+00:00,2024-06-05 12:01:18.979777+00:00,7492,1
INV-000402,ALR-000630,ENT-05,ANALYST-076,CLOSED,2024-01-30 04:05:02.936313+00:00,2024-01-30 04:25:25.936313+00:00,1223,1
INV-000403,ALR-000631,ENT-05,ANALYST-074,CLOSED,2024-01-25 20:29:37.997419+00:00,2024-01-25 21:48:50.997419+00:00,4753,4
INV-000404,ALR-000632,ENT-05,ANALYST-081,CLOSED,2024-01-17 08:21:13.697520+00:00,2024-01-17 09:13:07.697520+00:00,3114,10
INV-000405,ALR-000633,ENT-05,ANALYST-081,CLOSED,2024-01-04 01:19:14.223666+00:00,2024-01-04 02:23:00.223666+00:00,3826,3
INV-000406,ALR-000634,ENT-05,ANALYST-076,CLOSED,2024-01-02 13:29:18.383121+00:00,2024-01-02 13:49:57.383121+00:00,1239,1
INV-000407,ALR-000635,ENT-05,ANALYST-072,CLOSED,2024-01-25 04:14:10.403756+00:00,2024-01-25 10:24:25.403756+00:00,22215,12
INV-000408,ALR-000636,ENT-05,ANALYST-076,CLOSED,2024-01-02 10:51:15.157136+00:00,2024-01-02 11:11:09.157136+00:00,1194,8
INV-000409,ALR-000637,ENT-05,ANALYST-075,CLOSED,2024-01-28 19:33:28.933338+00:00,2024-01-28 22:56:35.933338+00:00,12187,2
INV-000410,ALR-000641,ENT-05,ANALYST-075,ABANDONED,2024-01-25 09:24:28.104510+00:00,2024-01-25 09:35:20.104510+00:00,652,1
INV-000411,ALR-000643,ENT-05,ANALYST-073,CLOSED,2024-01-01 08:24:33.915107+00:00,2024-01-01 09:40:44.915107+00:00,4571,2
INV-000412,ALR-000644,ENT-05,ANALYST-079,CLOSED,2024-01-21 07:29:44.107169+00:00,2024-01-21 11:03:19.107169+00:00,12815,10
INV-000413,ALR-000645,ENT-05,ANALYST-074,CLOSED,2024-01-26 12:22:34.869297+00:00,2024-01-26 12:44:21.869297+00:00,1307,1
INV-000414,ALR-000649,ENT-05,ANALYST-071,CLOSED,2024-02-15 12:47:28.816623+00:00,2024-02-15 12:55:44.816623+00:00,496,1
INV-000415,ALR-000651,ENT-05,ANALYST-070,CLOSED,2024-02-11 10:27:17.431544+00:00,2024-02-11 12:24:44.431544+00:00,7047,4
INV-000416,ALR-000656,ENT-05,ANALYST-078,CLOSED,2024-02-10 20:29:36.995474+00:00,2024-02-10 21:06:51.995474+00:00,2235,1
INV-000417,ALR-000657,ENT-05,ANALYST-080,CLOSED,2024-02-16 12:25:12.524551+00:00,2024-02-16 12:45:03.524551+00:00,1191,6
INV-000418,ALR-000658,ENT-05,ANALYST-073,CLOSED,2024-02-23 01:23:33.520414+00:00,2024-02-23 01:43:07.520414+00:00,1174,5
INV-000419,ALR-000659,ENT-05,ANALYST-073,ABANDONED,2024-02-11 19:22:19.943834+00:00,2024-02-11 19:53:13.943834+00:00,1854,5
INV-000420,ALR-000660,ENT-05,ANALYST-070,CLOSED,2024-02-12 12:57:25.636266+00:00,2024-02-12 14:09:58.636266+00:00,4353,6
INV-000421,ALR-000661,ENT-05,ANALYST-076,CLOSED,2024-02-01 12:23:22.961347+00:00,2024-02-01 16:11:03.961347+00:00,13661,6
INV-000422,ALR-000666,ENT-05,ANALYST-079,CLOSED,2024-02-18 20:16:54.855847+00:00,2024-02-19 00:24:30.855847+00:00,14856,12
INV-000423,ALR-000667,ENT-05,ANALYST-070,CLOSED,2024-02-23 16:35:06.047558+00:00,2024-02-23 17:01:49.047558+00:00,1603,3
INV-000424,ALR-000669,ENT-05,ANALYST-080,IN_PROGRESS,2024-02-09 20:18:19.366990+00:00,,,1
INV-000425,ALR-000670,ENT-05,ANALYST-070,CLOSED,2024-02-07 17:13:37.669692+00:00,2024-02-07 20:17:20.669692+00:00,11023,3
INV-000426,ALR-000673,ENT-05,ANALYST-075,CLOSED,2024-03-23 16:08:45.708723+00:00,2024-03-23 16:16:46.708723+00:00,481,7
INV-000427,ALR-000674,ENT-05,ANALYST-081,CLOSED,2024-03-03 04:54:47.728201+00:00,2024-03-03 06:19:11.728201+00:00,5064,3
INV-000428,ALR-000675,ENT-05,ANALYST-076,CLOSED,2024-03-11 00:12:25.609495+00:00,2024-03-11 01:21:33.609495+00:00,4148,6
INV-000429,ALR-000676,ENT-05,ANALYST-082,CLOSED,2024-03-29 13:36:25.493887+00:00,2024-03-29 14:07:30.493887+00:00,1865,4
INV-000430,ALR-000679,ENT-05,ANALYST-081,CLOSED,2024-03-26 00:25:25.291419+00:00,2024-03-26 00:31:41.291419+00:00,376,1
INV-000431,ALR-000680,ENT-05,ANALYST-070,CLOSED,2024-03-06 03:00:14.231190+00:00,2024-03-06 03:44:26.231190+00:00,2652,3
INV-000432,ALR-000681,ENT-05,ANALYST-076,CLOSED,2024-03-16 22:34:56.268207+00:00,2024-03-16 22:58:58.268207+00:00,1442,5
INV-000433,ALR-000683,ENT-05,ANALYST-071,CLOSED,2024-03-18 17:13:27.239199+00:00,2024-03-18 19:39:08.239199+00:00,8741,6
INV-000434,ALR-000685,ENT-05,ANALYST-079,CLOSED,2024-03-15 16:17:10.041565+00:00,2024-03-15 16:38:08.041565+00:00,1258,2
INV-000435,ALR-000686,ENT-05,ANALYST-075,CLOSED,2024-03-05 06:25:25.396697+00:00,2024-03-05 06:44:44.396697+00:00,1159,5
INV-000436,ALR-000687,ENT-05,ANALYST-082,CLOSED,2024-04-08 03:23:31.578644+00:00,2024-04-08 05:00:30.578644+00:00,5819,4
INV-000437,ALR-000689,ENT-05,ANALYST-073,CLOSED,2024-04-06 06:53:02.189532+00:00,2024-04-06 08:02:12.189532+00:00,4150,1
INV-000438,ALR-000690,ENT-05,ANALYST-074,CLOSED,2024-04-04 15:16:25.355122+00:00,2024-04-04 15:56:50.355122+00:00,2425,1
INV-000439,ALR-000693,ENT-05,ANALYST-080,CLOSED,2024-04-02 16:34:12.254143+00:00,2024-04-02 17:21:10.254143+00:00,2818,11
INV-000440,ALR-000694,ENT-05,ANALYST-079,CLOSED,2024-04-26 23:36:56.759345+00:00,2024-04-27 01:06:10.759345+00:00,5354,5
INV-000441,ALR-000696,ENT-05,ANALYST-074,CLOSED,2024-04-19 14:17:59.894466+00:00,2024-04-19 14:33:22.894466+00:00,923,1
INV-000442,ALR-000697,ENT-05,ANALYST-078,CLOSED,2024-04-19 21:44:35.465561+00:00,2024-04-19 23:48:37.465561+00:00,7442,10
INV-000443,ALR-000698,ENT-05,ANALYST-076,CLOSED,2024-04-05 16:18:06.945799+00:00,2024-04-05 17:23:00.945799+00:00,3894,3
INV-000444,ALR-000699,ENT-05,ANALYST-072,CLOSED,2024-05-05 15:01:16.380671+00:00,2024-05-05 16:49:04.380671+00:00,6468,6
INV-000445,ALR-000702,ENT-05,ANALYST-072,CLOSED,2024-05-20 12:28:06.465304+00:00,2024-05-20 14:10:26.465304+00:00,6140,6
INV-000446,ALR-000703,ENT-05,ANALYST-073,CLOSED,2024-05-12 18:52:17.547894+00:00,2024-05-12 19:30:20.547894+00:00,2283,4
INV-000447,ALR-000704,ENT-05,ANALYST-074,CLOSED,2024-05-26 05:19:35.234245+00:00,2024-05-26 05:31:20.234245+00:00,705,3
INV-000448,ALR-000707,ENT-05,ANALYST-076,CLOSED,2024-05-26 05:42:02.115455+00:00,2024-05-26 06:03:39.115455+00:00,1297,3
INV-000449,ALR-000709,ENT-05,ANALYST-082,CLOSED,2024-05-22 13:09:15.364946+00:00,2024-05-22 13:26:42.364946+00:00,1047,1
INV-000450,ALR-000710,ENT-05,ANALYST-070,CLOSED,2024-05-07 10:22:55.705033+00:00,2024-05-07 11:55:32.705033+00:00,5557,5
INV-000451,ALR-000711,ENT-05,ANALYST-070,CLOSED,2024-05-08 12:47:05.395744+00:00,2024-05-08 13:42:04.395744+00:00,3299,6
INV-000452,ALR-000712,ENT-05,ANALYST-071,CLOSED,2024-05-29 18:32:12.630516+00:00,2024-05-29 18:48:19.630516+00:00,967,7
INV-000453,ALR-000713,ENT-05,ANALYST-070,CLOSED,2024-06-11 17:29:48.126839+00:00,2024-06-11 19:34:53.126839+00:00,7505,3
INV-000454,ALR-000716,ENT-05,ANALYST-077,CLOSED,2024-06-27 21:34:13.708862+00:00,2024-06-27 22:14:21.708862+00:00,2408,5
INV-000455,ALR-000717,ENT-05,ANALYST-072,CLOSED,2024-06-12 19:58:26.280660+00:00,2024-06-12 20:10:20.280660+00:00,714,4
INV-000456,ALR-000719,ENT-05,ANALYST-071,CLOSED,2024-06-27 03:20:37.891063+00:00,2024-06-27 03:39:35.891063+00:00,1138,3
INV-000457,ALR-000720,ENT-05,ANALYST-070,ABANDONED,2024-06-18 21:46:38.659268+00:00,2024-06-18 21:59:16.659268+00:00,758,2
INV-000458,ALR-000722,ENT-05,ANALYST-070,CLOSED,2024-06-21 12:21:49.390471+00:00,2024-06-21 16:36:30.390471+00:00,15281,6
INV-000459,ALR-000725,ENT-05,ANALYST-079,CLOSED,2024-06-15 04:32:53.610541+00:00,2024-06-15 05:49:47.610541+00:00,4614,3
INV-000460,ALR-000726,ENT-05,ANALYST-074,CLOSED,2024-06-14 17:10:52.392822+00:00,2024-06-14 20:59:26.392822+00:00,13714,6
INV-000461,ALR-000729,ENT-05,ANALYST-080,CLOSED,2024-06-26 16:57:13.424526+00:00,2024-06-26 18:40:37.424526+00:00,6204,5
INV-000462,ALR-000731,ENT-05,ANALYST-081,CLOSED,2024-06-21 20:02:38.920441+00:00,2024-06-21 21:36:26.920441+00:00,5628,6
INV-000463,ALR-000732,ENT-05,ANALYST-081,CLOSED,2024-06-23 05:52:39.447917+00:00,2024-06-23 07:59:02.447917+00:00,7583,8
INV-000464,ALR-000736,ENT-05,ANALYST-079,CLOSED,2024-06-05 08:45:26.996642+00:00,2024-06-05 09:27:59.996642+00:00,2553,4
INV-000465,ALR-000737,ENT-05,ANALYST-075,CLOSED,2024-06-17 00:25:08.575044+00:00,2024-06-17 02:44:20.575044+00:00,8352,5
INV-000466,ALR-000738,ENT-05,ANALYST-076,CLOSED,2024-06-23 14:02:30.430705+00:00,2024-06-23 14:28:38.430705+00:00,1568,3
INV-000467,ALR-000741,ENT-06,ANALYST-086,CLOSED,2024-01-25 11:18:16.515148+00:00,2024-01-25 11:25:02.515148+00:00,406,4
INV-000468,ALR-000743,ENT-06,ANALYST-083,CLOSED,2024-02-15 04:25:48.847398+00:00,2024-02-15 04:45:47.847398+00:00,1199,2
INV-000469,ALR-000744,ENT-06,ANALYST-085,CLOSED,2024-02-21 09:55:59.495418+00:00,2024-02-21 10:48:11.495418+00:00,3132,6
INV-000470,ALR-000745,ENT-06,ANALYST-084,CLOSED,2024-02-15 14:12:05.699263+00:00,2024-02-15 14:35:23.699263+00:00,1398,1
INV-000471,ALR-000748,ENT-06,ANALYST-083,CLOSED,2024-03-08 18:18:26.595501+00:00,2024-03-08 19:44:57.595501+00:00,5191,6
INV-000472,ALR-000749,ENT-06,ANALYST-083,CLOSED,2024-03-27 14:22:48.887129+00:00,2024-03-27 15:13:51.887129+00:00,3063,2
INV-000473,ALR-000751,ENT-06,ANALYST-086,CLOSED,2024-03-30 21:49:56.192529+00:00,2024-03-30 22:30:53.192529+00:00,2457,6
INV-000474,ALR-000752,ENT-06,ANALYST-084,CLOSED,2024-03-16 09:56:52.652113+00:00,2024-03-16 10:40:10.652113+00:00,2598,3
INV-000475,ALR-000754,ENT-06,ANALYST-084,CLOSED,2024-04-27 15:50:33.038758+00:00,2024-04-27 15:56:26.038758+00:00,353,8
INV-000476,ALR-000756,ENT-06,ANALYST-087,CLOSED,2024-04-27 02:47:27.871570+00:00,2024-04-27 03:21:50.871570+00:00,2063,5
INV-000477,ALR-000757,ENT-06,ANALYST-085,CLOSED,2024-04-27 23:11:30.467171+00:00,2024-04-28 01:37:06.467171+00:00,8736,4
INV-000478,ALR-000758,ENT-06,ANALYST-087,CLOSED,2024-04-09 20:39:17.060622+00:00,2024-04-09 21:09:50.060622+00:00,1833,1
INV-000479,ALR-000759,ENT-06,ANALYST-087,CLOSED,2024-04-16 10:40:55.393605+00:00,2024-04-16 11:05:24.393605+00:00,1469,4
INV-000480,ALR-000761,ENT-06,ANALYST-085,CLOSED,2024-05-29 20:52:02.725656+00:00,2024-05-29 21:21:22.725656+00:00,1760,5
INV-000481,ALR-000764,ENT-06,ANALYST-083,CLOSED,2024-05-31 11:22:01.258184+00:00,2024-05-31 11:51:23.258184+00:00,1762,10
INV-000482,ALR-000765,ENT-06,ANALYST-086,CLOSED,2024-05-20 05:29:03.833122+00:00,2024-05-20 06:38:21.833122+00:00,4158,2
INV-000483,ALR-000766,ENT-06,ANALYST-086,CLOSED,2024-05-13 15:13:02.440116+00:00,2024-05-13 20:54:50.440116+00:00,20508,6
INV-000484,ALR-000767,ENT-06,ANALYST-087,CLOSED,2024-05-22 12:57:35.525266+00:00,2024-05-22 15:01:05.525266+00:00,7410,6
INV-000485,ALR-000768,ENT-06,ANALYST-086,CLOSED,2024-05-09 00:38:41.576377+00:00,2024-05-09 01:05:16.576377+00:00,1595,6
INV-000486,ALR-000769,ENT-06,ANALYST-084,CLOSED,2024-05-09 18:38:55.006688+00:00,2024-05-09 19:54:34.006688+00:00,4539,1
INV-000487,ALR-000771,ENT-06,ANALYST-084,CLOSED,2024-06-03 00:20:07.398365+00:00,2024-06-03 00:26:21.398365+00:00,374,1
INV-000488,ALR-000772,ENT-06,ANALYST-087,CLOSED,2024-06-16 23:30:09.744823+00:00,2024-06-16 23:49:51.744823+00:00,1182,1
INV-000489,ALR-000773,ENT-06,ANALYST-084,IN_PROGRESS,2024-06-17 07:34:48.562035+00:00,,,2
INV-000490,ALR-000776,ENT-01,ANALYST-001,CLOSED,2024-02-09 17:04:07.943801+00:00,2024-02-09 20:34:05.943801+00:00,12598,8
INV-000491,ALR-000777,ENT-03,ANALYST-036,CLOSED,2024-03-10 07:24:46.217367+00:00,2024-03-10 10:31:20.217367+00:00,11194,8
INV-000492,ALR-000778,ENT-05,ANALYST-070,CLOSED,2024-04-10 00:11:38.971538+00:00,2024-04-10 03:52:48.971538+00:00,13270,8
INV-000493,ALR-000782,ENT-03,ANALYST-036,CLOSED,2024-02-18 09:46:35.486161+00:00,2024-02-18 09:47:26.486161+00:00,51,1
INV-000494,ALR-000783,ENT-05,ANALYST-070,CLOSED,2024-03-19 14:31:35.641142+00:00,2024-03-19 14:32:23.641142+00:00,48,0
INV-000495,ALR-000784,ENT-06,ANALYST-083,CLOSED,2024-04-19 00:08:22.677897+00:00,2024-04-19 00:09:58.677897+00:00,96,1
INV-000496,ALR-000785,ENT-02,ANALYST-026,CLOSED,2024-01-13 10:00:08.369000+00:00,2024-01-13 11:10:47.369000+00:00,4239,6
INV-000497,ALR-000786,ENT-02,ANALYST-026,CLOSED,2024-02-12 14:44:36.704177+00:00,2024-02-12 16:02:39.704177+00:00,4683,6
INV-000498,ALR-000787,ENT-02,ANALYST-026,CLOSED,2024-03-13 09:57:30.169520+00:00,2024-03-13 10:42:57.169520+00:00,2727,6
INV-000499,ALR-000788,ENT-02,ANALYST-026,CLOSED,2024-04-13 00:15:53.957553+00:00,2024-04-13 03:46:33.957553+00:00,12640,6
INV-000500,ALR-000789,ENT-02,ANALYST-026,CLOSED,2024-05-13 09:58:19.615490+00:00,2024-05-13 11:19:16.615490+00:00,4857,6
INV-000501,ALR-000790,ENT-04,ANALYST-058,CLOSED,2024-01-13 09:59:11.220458+00:00,2024-01-13 11:29:59.220458+00:00,5448,6
INV-000502,ALR-000791,ENT-04,ANALYST-058,CLOSED,2024-02-12 14:40:29.729904+00:00,2024-02-12 19:53:02.729904+00:00,18753,6
INV-000503,ALR-000792,ENT-04,ANALYST-058,CLOSED,2024-03-13 10:04:59.796925+00:00,2024-03-13 13:04:09.796925+00:00,10750,6
INV-000504,ALR-000793,ENT-04,ANALYST-058,CLOSED,2024-04-13 00:25:15.019880+00:00,2024-04-13 03:35:29.019880+00:00,11414,1
INV-000505,ALR-000794,ENT-04,ANALYST-058,CLOSED,2024-05-13 09:46:21.674826+00:00,2024-05-13 11:00:50.674826+00:00,4469,1
INV-000506,ALR-000795,ENT-03,ANALYST-036,CLOSED,2024-03-07 04:59:42.756629+00:00,2024-03-07 05:29:42.756629+00:00,1800,3
INV-000507,ALR-000796,ENT-03,ANALYST-036,CLOSED,2024-03-11 20:37:36.737837+00:00,2024-03-11 21:07:36.737837+00:00,1800,3
INV-000508,ALR-000797,ENT-03,ANALYST-036,CLOSED,2024-03-16 12:15:28.230032+00:00,2024-03-16 12:45:28.230032+00:00,1800,3
INV-000509,ALR-000798,ENT-03,ANALYST-036,CLOSED,2024-03-21 03:56:58.476791+00:00,2024-03-21 04:26:58.476791+00:00,1800,3
INV-000510,ALR-000799,ENT-04,ANALYST-058,CLOSED,2024-04-11 12:11:56.798050+00:00,2024-04-11 14:51:45.798050+00:00,9589,1
INV-000511,ALR-000800,ENT-04,ANALYST-058,CLOSED,2024-05-11 20:52:24.424681+00:00,2024-05-11 23:09:57.424681+00:00,8253,1
INV-000512,ALR-000801,ENT-04,ANALYST-058,CLOSED,2024-06-11 12:23:21.766913+00:00,2024-06-11 13:52:07.766913+00:00,5326,1
