metric_id,entity_id,period_start,period_end,mttr_hours,closure_rate,sla_compliance,escalation_rate,investigation_completeness,recurrence_rate,remediation_rate,evidence_completeness
PMET-0001,ENT-01,2024-01-01 00:00:00+00:00,2024-02-01 00:00:00+00:00,2.3503,1.0,0.9655,0.5789,0.8947,0.25,0.625,0.8289
PMET-0002,ENT-01,2024-02-01 00:00:00+00:00,2024-03-01 00:00:00+00:00,1.7265,0.8571,0.963,0.2381,1.0,0.1724,0.6667,0.9028
PMET-0003,ENT-01,2024-03-01 00:00:00+00:00,2024-04-01 00:00:00+00:00,2.2041,0.963,0.8387,0.3333,0.8462,0.1515,0.6364,0.8237
PMET-0004,ENT-01,2024-04-01 00:00:00+00:00,2024-05-01 00:00:00+00:00,1.8295,0.8261,0.9706,0.3478,0.7895,0.1463,0.0,0.7237
PMET-0005,ENT-01,2024-05-01 00:00:00+00:00,2024-06-01 00:00:00+00:00,1.3354,1.0,0.871,0.25,0.9375,0.1212,1.0,0.8672
PMET-0006,ENT-01,2024-06-01 00:00:00+00:00,2024-07-01 00:00:00+00:00,1.6935,0.8636,0.8889,0.4091,0.8947,0.1935,0.6667,0.8575
PMET-0007,ENT-02,2024-01-01 00:00:00+00:00,2024-02-01 00:00:00+00:00,2.9344,0.75,0.9286,0.5,0.8333,0.2667,0.5,0.7014
PMET-0008,ENT-02,2024-02-01 00:00:00+00:00,2024-03-01 00:00:00+00:00,1.0277,0.9,1.0,0.3,0.6667,0.2667,1.0,0.713
PMET-0009,ENT-02,2024-03-01 00:00:00+00:00,2024-04-01 00:00:00+00:00,1.8237,0.8571,0.8333,0.3571,0.9167,0.3158,0.2,0.8368
PMET-0010,ENT-02,2024-04-01 00:00:00+00:00,2024-05-01 00:00:00+00:00,1.2673,1.0,1.0,0.4615,0.9231,0.1667,0.6667,0.875
PMET-0011,ENT-02,2024-05-01 00:00:00+00:00,2024-06-01 00:00:00+00:00,0.6552,0.8571,0.9,0.0,0.8333,0.2,1.0,0.875
PMET-0012,ENT-02,2024-06-01 00:00:00+00:00,2024-07-01 00:00:00+00:00,1.4364,0.75,0.9091,0.5,1.0,0.1538,0.6,0.8611
PMET-0013,ENT-03,2024-01-01 00:00:00+00:00,2024-02-01 00:00:00+00:00,1.4678,0.8824,0.92,0.3529,1.0,0.2069,0.75,0.9278
PMET-0014,ENT-03,2024-02-01 00:00:00+00:00,2024-03-01 00:00:00+00:00,1.2356,0.9355,0.9,0.2581,0.7931,0.2273,0.7143,0.7888
PMET-0015,ENT-03,2024-03-01 00:00:00+00:00,2024-04-01 00:00:00+00:00,1.6857,0.9091,0.8889,0.5909,0.9,0.1463,0.8,0.7854
PMET-0016,ENT-03,2024-04-01 00:00:00+00:00,2024-05-01 00:00:00+00:00,1.2039,0.8462,0.8857,0.3077,0.9091,0.0714,0.2,0.8731
PMET-0017,ENT-03,2024-05-01 00:00:00+00:00,2024-06-01 00:00:00+00:00,1.3918,0.7143,0.875,0.0952,0.8,0.1818,0.4286,0.8389
PMET-0018,ENT-03,2024-06-01 00:00:00+00:00,2024-07-01 00:00:00+00:00,0.9768,0.9565,0.9355,0.4348,0.9091,0.1429,0.5714,0.8239
PMET-0019,ENT-04,2024-01-01 00:00:00+00:00,2024-02-01 00:00:00+00:00,7.0,0.8,0.82,0.3,0.8,0.1,0.78,0.82
PMET-0020,ENT-04,2024-02-01 00:00:00+00:00,2024-03-01 00:00:00+00:00,6.2,0.832,0.85,0.284,0.724,0.148,0.712,0.746
PMET-0021,ENT-04,2024-03-01 00:00:00+00:00,2024-04-01 00:00:00+00:00,5.4,0.864,0.88,0.268,0.648,0.196,0.644,0.672
PMET-0022,ENT-04,2024-04-01 00:00:00+00:00,2024-05-01 00:00:00+00:00,4.6,0.896,0.91,0.252,0.572,0.244,0.576,0.598
PMET-0023,ENT-04,2024-05-01 00:00:00+00:00,2024-06-01 00:00:00+00:00,3.8,0.928,0.94,0.236,0.496,0.292,0.508,0.524
PMET-0024,ENT-04,2024-06-01 00:00:00+00:00,2024-07-01 00:00:00+00:00,3.0,0.96,0.97,0.22,0.42,0.34,0.44,0.45
PMET-0025,ENT-05,2024-01-01 00:00:00+00:00,2024-02-01 00:00:00+00:00,1.7284,0.9167,1.0,0.5,0.7273,0.1176,0.6667,0.6667
PMET-0026,ENT-05,2024-02-01 00:00:00+00:00,2024-03-01 00:00:00+00:00,1.6011,0.8333,0.913,0.25,0.8,0.4167,1.0,0.7667
PMET-0027,ENT-05,2024-03-01 00:00:00+00:00,2024-04-01 00:00:00+00:00,0.7552,1.0,1.0,0.2,0.9,0.25,0.5,0.875
PMET-0028,ENT-05,2024-04-01 00:00:00+00:00,2024-05-01 00:00:00+00:00,1.1398,1.0,1.0,0.125,0.625,0.0833,1.0,0.7031
PMET-0029,ENT-05,2024-05-01 00:00:00+00:00,2024-06-01 00:00:00+00:00,0.8569,1.0,0.8462,0.4444,0.8889,0.2857,0.5,0.8704
PMET-0030,ENT-05,2024-06-01 00:00:00+00:00,2024-07-01 00:00:00+00:00,1.6509,0.9286,0.8095,0.3571,1.0,0.1923,0.3333,0.8397
PMET-0031,ENT-06,2024-01-01 00:00:00+00:00,2024-02-01 00:00:00+00:00,0.1128,1.0,0.3333,0.0,1.0,0.3333,1.0,1.0
PMET-0032,ENT-06,2024-02-01 00:00:00+00:00,2024-03-01 00:00:00+00:00,0.5305,1.0,0.8,0.0,0.6667,0.2,1.0,0.8333
PMET-0033,ENT-06,2024-03-01 00:00:00+00:00,2024-04-01 00:00:00+00:00,0.9242,1.0,1.0,0.25,0.75,0.0,0.5,0.8125
PMET-0034,ENT-06,2024-04-01 00:00:00+00:00,2024-05-01 00:00:00+00:00,0.803,1.0,1.0,0.0,0.8,0.2857,0.0,0.8333
PMET-0035,ENT-06,2024-05-01 00:00:00+00:00,2024-06-01 00:00:00+00:00,1.656,1.0,0.75,0.2857,0.7143,0.0,1.0,0.8214
PMET-0036,ENT-06,2024-06-01 00:00:00+00:00,2024-07-01 00:00:00+00:00,0.2161,0.6667,1.0,0.0,0.0,0.1667,1.0,0.375
