remediation_id,alert_id,investigation_id,created_at,completed_at,remediation_type,status,successful
REM-00001,ALR-000003,INV-000002,2024-01-25 15:44:22.672111+00:00,2024-01-25 17:08:35.779168+00:00,ISOLATION,COMPLETED,True
REM-00002,ALR-000005,INV-000003,2024-01-18 07:07:20.059901+00:00,2024-01-18 08:25:58.306886+00:00,CREDENTIAL_RESET,COMPLETED,True
REM-00003,ALR-000015,INV-000010,2024-01-09 05:39:28.366950+00:00,2024-01-09 07:29:03.259577+00:00,CREDENTIAL_RESET,COMPLETED,True
REM-00004,ALR-000019,INV-000011,2024-01-20 04:39:21.656437+00:00,,BLOCK_INDICATOR,IN_PROGRESS,
REM-00005,ALR-000020,INV-000012,2024-01-19 12:50:01.803596+00:00,2024-01-19 15:02:28.454024+00:00,USER_AWARENESS,COMPLETED,False
REM-00006,ALR-000022,INV-000014,2024-01-12 10:18:11.749549+00:00,2024-01-12 12:24:30.944314+00:00,PATCH,FAILED,False
REM-00007,ALR-000031,INV-000019,2024-01-30 17:15:39.447214+00:00,2024-01-30 22:01:34.215370+00:00,BLOCK_INDICATOR,COMPLETED,True
REM-00008,ALR-000037,INV-000023,2024-02-26 18:07:03.921122+00:00,2024-02-26 22:09:46.519871+00:00,CREDENTIAL_RESET,COMPLETED,True
REM-00009,ALR-000041,INV-000026,2024-02-20 20:16:07.641157+00:00,2024-02-20 21:49:15.397249+00:00,CONFIG_CHANGE,COMPLETED,True
REM-00010,ALR-000042,INV-000027,2024-02-05 14:37:05.246032+00:00,2024-02-05 15:44:53.521197+00:00,CONFIG_CHANGE,COMPLETED,True
REM-00011,ALR-000044,INV-000028,2024-02-07 19:45:34.770215+00:00,2024-02-07 20:28:41.329926+00:00,USER_AWARENESS,FAILED,False
REM-00012,ALR-000045,INV-000029,2024-02-21 19:55:03.390238+00:00,,BLOCK_INDICATOR,REQUESTED,
REM-00013,ALR-000048,INV-000032,2024-02-15 16:20:19.717057+00:00,2024-02-15 17:33:09.049803+00:00,CONFIG_CHANGE,COMPLETED,True
REM-00014,ALR-000050,INV-000034,2024-02-26 19:40:38.173898+00:00,,CONFIG_CHANGE,IN_PROGRESS,
REM-00015,ALR-000068,INV-000045,2024-03-05 15:41:49.916790+00:00,2024-03-05 17:18:00.236495+00:00,CONFIG_CHANGE,COMPLETED,True
REM-00016,ALR-000076,INV-000051,2024-03-31 12:19:34.514954+00:00,2024-03-31 20:57:07.757476+00:00,CREDENTIAL_RESET,COMPLETED,True
REM-00017,ALR-000078,INV-000053,2024-03-17 09:51:14.316841+00:00,2024-03-17 12:15:04.896311+00:00,CREDENTIAL_RESET,COMPLETED,False
REM-00018,ALR-000080,INV-000054,2024-03-22 13:58:10.979866+00:00,2024-03-23 02:47:26.011816+00:00,CREDENTIAL_RESET,COMPLETED,True
REM-00019,ALR-000081,INV-000055,2024-03-20 09:49:14.129967+00:00,2024-03-20 10:31:09.549819+00:00,ISOLATION,COMPLETED,True
REM-00020,ALR-000082,INV-000056,2024-03-31 05:56:43.155330+00:00,2024-03-31 07:56:20.783663+00:00,CREDENTIAL_RESET,FAILED,False
REM-00021,ALR-000087,INV-000061,2024-03-30 14:39:33.216186+00:00,2024-03-30 16:47:28.734105+00:00,BLOCK_INDICATOR,COMPLETED,True
REM-00022,ALR-000089,INV-000063,2024-03-07 14:34:20.558136+00:00,2024-03-07 16:06:58.590539+00:00,CREDENTIAL_RESET,COMPLETED,True
REM-00023,ALR-000096,INV-000068,2024-04-14 00:30:05.801459+00:00,,PATCH,IN_PROGRESS,
REM-00024,ALR-000098,INV-000069,2024-05-01 01:08:19.768676+00:00,,BLOCK_INDICATOR,REQUESTED,
REM-00025,ALR-000110,INV-000076,2024-04-21 13:39:15.348216+00:00,,ISOLATION,IN_PROGRESS,
REM-00026,ALR-000135,INV-000090,2024-04-07 06:20:03.165470+00:00,,CREDENTIAL_RESET,IN_PROGRESS,
REM-00027,ALR-000136,INV-000091,2024-05-09 21:35:36.377359+00:00,2024-05-10 04:24:23.456034+00:00,ISOLATION,COMPLETED,False
REM-00028,ALR-000138,INV-000093,2024-05-24 14:03:30.305722+00:00,2024-05-24 16:25:18.012736+00:00,BLOCK_INDICATOR,COMPLETED,True
REM-00029,ALR-000144,INV-000096,2024-05-18 14:48:47.645311+00:00,2024-05-18 16:28:29.713632+00:00,ISOLATION,COMPLETED,True
REM-00030,ALR-000147,INV-000097,2024-05-08 22:37:42.266384+00:00,2024-05-09 00:22:39.170575+00:00,PATCH,COMPLETED,True
REM-00031,ALR-000152,INV-000099,2024-05-08 13:15:25.965291+00:00,2024-05-08 14:58:40.677292+00:00,CONFIG_CHANGE,COMPLETED,True
REM-00032,ALR-000157,INV-000102,2024-05-14 19:29:18.155647+00:00,2024-05-15 05:50:55.731186+00:00,CREDENTIAL_RESET,COMPLETED,True
REM-00033,ALR-000163,INV-000105,2024-05-06 07:17:04.992866+00:00,2024-05-06 07:52:51.672069+00:00,PATCH,COMPLETED,True
REM-00034,ALR-000176,INV-000112,2024-06-25 22:14:27.274459+00:00,,ISOLATION,IN_PROGRESS,
REM-00035,ALR-000177,INV-000113,2024-06-01 02:49:26.210214+00:00,,BLOCK_INDICATOR,IN_PROGRESS,
REM-00036,ALR-000180,INV-000116,2024-06-13 03:28:53.788606+00:00,2024-06-13 06:32:06.720525+00:00,USER_AWARENESS,COMPLETED,True
REM-00037,ALR-000189,INV-000122,2024-06-21 05:51:18.320892+00:00,2024-06-21 06:59:31.414666+00:00,BLOCK_INDICATOR,COMPLETED,True
REM-00038,ALR-000191,INV-000124,2024-06-16 04:48:00.334920+00:00,2024-06-16 09:26:10.152644+00:00,CONFIG_CHANGE,COMPLETED,True
REM-00039,ALR-000197,INV-000126,2024-06-28 18:27:30.930567+00:00,2024-06-28 20:14:32.325505+00:00,ISOLATION,COMPLETED,True
REM-00040,ALR-000198,INV-000127,2024-06-10 00:13:50.119625+00:00,2024-06-10 01:13:14.785578+00:00,USER_AWARENESS,COMPLETED,True
REM-00041,ALR-000199,INV-000128,2024-06-19 11:58:01.269395+00:00,2024-06-19 12:54:56.550529+00:00,CONFIG_CHANGE,COMPLETED,True
REM-00042,ALR-000206,INV-000131,2024-01-07 19:49:14.387440+00:00,2024-01-07 21:41:24.632428+00:00,CREDENTIAL_RESET,COMPLETED,True
REM-00043,ALR-000207,INV-000132,2024-01-26 09:51:08.391451+00:00,2024-01-26 11:21:50.478986+00:00,CONFIG_CHANGE,COMPLETED,True
REM-00044,ALR-000211,INV-000135,2024-01-18 19:24:30.175645+00:00,,BLOCK_INDICATOR,CANCELLED,
REM-00045,ALR-000217,INV-000139,2024-02-04 07:13:09.350742+00:00,2024-02-04 08:45:02.713381+00:00,USER_AWARENESS,COMPLETED,True
REM-00046,ALR-000226,INV-000144,2024-02-20 19:03:43.092813+00:00,2024-02-20 21:20:28.330605+00:00,CREDENTIAL_RESET,COMPLETED,True
REM-00047,ALR-000229,INV-000146,2024-02-18 21:45:14.938992+00:00,2024-02-18 23:38:52.528701+00:00,PATCH,COMPLETED,True
REM-00048,ALR-000236,INV-000152,2024-03-28 04:09:23.225584+00:00,2024-03-28 06:45:30.167814+00:00,CREDENTIAL_RESET,COMPLETED,True
REM-00049,ALR-000237,INV-000153,2024-03-30 19:12:11.862612+00:00,,CONFIG_CHANGE,CANCELLED,
REM-00050,ALR-000244,INV-000158,2024-03-03 19:01:37.739934+00:00,,CONFIG_CHANGE,IN_PROGRESS,
REM-00051,ALR-000251,INV-000163,2024-04-09 22:06:59.193373+00:00,2024-04-10 01:42:51.942396+00:00,ISOLATION,COMPLETED,True
REM-00052,ALR-000257,INV-000168,2024-04-10 17:34:58.044163+00:00,2024-04-10 18:28:25.295433+00:00,ISOLATION,COMPLETED,True
REM-00053,ALR-000260,INV-000170,2024-04-17 12:29:57.844184+00:00,2024-04-17 15:00:54.950596+00:00,BLOCK_INDICATOR,COMPLETED,True
REM-00054,ALR-000261,INV-000171,2024-04-26 14:17:35.740054+00:00,2024-04-27 00:36:11.610313+00:00,BLOCK_INDICATOR,COMPLETED,True
REM-00055,ALR-000287,INV-000183,2024-06-12 06:30:22.452288+00:00,2024-06-12 09:47:52.710204+00:00,PATCH,COMPLETED,True
REM-00056,ALR-000290,INV-000185,2024-06-05 05:59:00.011457+00:00,2024-06-05 11:24:53.425986+00:00,BLOCK_INDICATOR,COMPLETED,True
REM-00057,ALR-000291,INV-000186,2024-06-29 01:10:51.263019+00:00,,ISOLATION,IN_PROGRESS,
REM-00058,ALR-000294,INV-000188,2024-06-06 01:38:28.415731+00:00,2024-06-06 03:29:20.753521+00:00,ISOLATION,COMPLETED,True
REM-00059,ALR-000310,INV-000197,2024-01-08 20:27:56.587236+00:00,2024-01-08 23:56:59.702850+00:00,CONFIG_CHANGE,COMPLETED,True
REM-00060,ALR-000313,INV-000199,2024-01-24 19:20:09.805891+00:00,,CONFIG_CHANGE,IN_PROGRESS,
REM-00061,ALR-000319,INV-000202,2024-01-24 13:19:05.948039+00:00,2024-01-24 14:16:54.748461+00:00,BLOCK_INDICATOR,COMPLETED,True
REM-00062,ALR-000322,INV-000205,2024-01-03 16:12:33.378456+00:00,2024-01-03 18:58:43.532145+00:00,CREDENTIAL_RESET,COMPLETED,True
REM-00063,ALR-000333,INV-000212,2024-02-29 11:52:16.097828+00:00,2024-02-29 13:42:07.321853+00:00,ISOLATION,COMPLETED,True
REM-00064,ALR-000334,INV-000213,2024-02-19 19:15:51.931718+00:00,2024-02-19 20:20:55.416121+00:00,CONFIG_CHANGE,COMPLETED,False
REM-00065,ALR-000336,INV-000215,2024-02-10 05:46:19.193129+00:00,2024-02-10 06:28:48.731997+00:00,ISOLATION,COMPLETED,False
REM-00066,ALR-000341,INV-000219,2024-02-01 06:34:28.975240+00:00,2024-02-01 09:55:25.788183+00:00,ISOLATION,COMPLETED,True
REM-00067,ALR-000343,INV-000220,2024-02-14 01:09:16.858647+00:00,2024-02-14 06:09:49.863385+00:00,BLOCK_INDICATOR,COMPLETED,True
REM-00068,ALR-000351,INV-000227,2024-02-02 02:29:45.588965+00:00,2024-02-02 05:06:35.948460+00:00,USER_AWARENESS,COMPLETED,True
REM-00069,ALR-000353,INV-000229,2024-02-02 12:40:07.267484+00:00,,CREDENTIAL_RESET,REQUESTED,
REM-00070,ALR-000356,INV-000231,2024-02-23 15:07:44.458058+00:00,2024-02-23 17:04:09.895256+00:00,BLOCK_INDICATOR,COMPLETED,False
REM-00071,ALR-000378,INV-000241,2024-03-11 12:36:54.959081+00:00,2024-03-11 14:55:18.629063+00:00,ISOLATION,COMPLETED,False
REM-00072,ALR-000379,INV-000242,2024-03-26 19:18:22.372958+00:00,2024-03-26 21:33:16.334457+00:00,ISOLATION,COMPLETED,True
REM-00073,ALR-000383,INV-000245,2024-03-18 06:22:30.875950+00:00,2024-03-18 07:26:34.394934+00:00,ISOLATION,COMPLETED,True
REM-00074,ALR-000388,INV-000247,2024-03-15 03:24:31.952830+00:00,2024-03-15 04:28:36.594221+00:00,USER_AWARENESS,COMPLETED,True
REM-00075,ALR-000394,INV-000251,2024-03-19 00:18:17.119193+00:00,2024-03-19 02:34:59.563479+00:00,BLOCK_INDICATOR,COMPLETED,True
REM-00076,ALR-000395,INV-000252,2024-03-28 14:43:20.252984+00:00,2024-03-28 16:32:27.975959+00:00,BLOCK_INDICATOR,COMPLETED,True
REM-00077,ALR-000396,INV-000253,2024-03-30 12:00:55.584974+00:00,2024-03-30 14:17:08.119975+00:00,USER_AWARENESS,COMPLETED,True
REM-00078,ALR-000397,INV-000254,2024-03-02 08:21:39.412599+00:00,,CREDENTIAL_RESET,IN_PROGRESS,
REM-00079,ALR-000402,INV-000257,2024-03-04 23:25:53.365816+00:00,2024-03-05 01:51:19.600944+00:00,CONFIG_CHANGE,COMPLETED,True
REM-00080,ALR-000417,INV-000264,2024-04-12 20:25:14.815335+00:00,2024-04-12 21:26:57.678098+00:00,ISOLATION,COMPLETED,True
REM-00081,ALR-000430,INV-000271,2024-04-14 15:31:10.755569+00:00,,CREDENTIAL_RESET,IN_PROGRESS,
REM-00082,ALR-000460,INV-000291,2024-05-03 00:38:34.655821+00:00,2024-05-03 01:44:44.389189+00:00,ISOLATION,COMPLETED,True
REM-00083,ALR-000465,INV-000292,2024-05-07 08:15:54.852598+00:00,,ISOLATION,IN_PROGRESS,
REM-00084,ALR-000481,INV-000303,2024-05-15 05:40:33.105666+00:00,2024-05-15 07:28:17.699507+00:00,CREDENTIAL_RESET,COMPLETED,True
REM-00085,ALR-000482,INV-000304,2024-05-17 15:11:12.394000+00:00,2024-05-17 18:13:29.409711+00:00,BLOCK_INDICATOR,COMPLETED,True
REM-00086,ALR-000487,INV-000309,2024-06-21 16:07:18.700072+00:00,2024-06-21 18:48:26.463124+00:00,CREDENTIAL_RESET,COMPLETED,True
REM-00087,ALR-000503,INV-000317,2024-06-04 12:07:11.358842+00:00,2024-06-04 13:34:44.899948+00:00,ISOLATION,COMPLETED,True
REM-00088,ALR-000504,INV-000318,2024-06-27 13:27:55.855685+00:00,2024-06-27 17:04:35.074387+00:00,BLOCK_INDICATOR,COMPLETED,True
REM-00089,ALR-000511,INV-000324,2024-06-08 06:14:21.000799+00:00,2024-06-08 08:20:19.419625+00:00,USER_AWARENESS,COMPLETED,True
REM-00090,ALR-000513,INV-000325,2024-06-16 11:50:30.468571+00:00,,BLOCK_INDICATOR,IN_PROGRESS,
REM-00091,ALR-000523,INV-000332,2024-01-26 23:14:50.486469+00:00,,CONFIG_CHANGE,CANCELLED,
REM-00092,ALR-000529,INV-000334,2024-01-22 15:48:30.282875+00:00,2024-01-22 19:28:31.962831+00:00,CONFIG_CHANGE,COMPLETED,True
REM-00093,ALR-000534,INV-000336,2024-01-27 16:28:35.123632+00:00,2024-01-27 18:21:53.895612+00:00,CONFIG_CHANGE,COMPLETED,True
REM-00094,ALR-000537,INV-000338,2024-01-25 21:44:00.735720+00:00,2024-01-26 02:25:38.603217+00:00,CONFIG_CHANGE,COMPLETED,True
REM-00095,ALR-000541,INV-000340,2024-01-27 21:15:56.379859+00:00,2024-01-27 22:55:35.840730+00:00,CONFIG_CHANGE,COMPLETED,True
REM-00096,ALR-000552,INV-000346,2024-02-17 23:02:02.521763+00:00,2024-02-17 23:56:48.358986+00:00,CREDENTIAL_RESET,COMPLETED,True
REM-00097,ALR-000561,INV-000355,2024-02-09 17:36:04.273027+00:00,,USER_AWARENESS,REQUESTED,
REM-00098,ALR-000566,INV-000358,2024-03-23 14:56:27.315406+00:00,2024-03-23 15:18:39.635561+00:00,CREDENTIAL_RESET,COMPLETED,True
REM-00099,ALR-000582,INV-000368,2024-04-03 21:05:46.823062+00:00,2024-04-03 22:38:18.392341+00:00,BLOCK_INDICATOR,COMPLETED,True
REM-00100,ALR-000586,INV-000370,2024-04-21 12:26:48.481170+00:00,2024-04-21 14:33:59.406351+00:00,ISOLATION,COMPLETED,True
REM-00101,ALR-000588,INV-000371,2024-04-30 03:00:34.651016+00:00,2024-04-30 09:14:11.134506+00:00,CREDENTIAL_RESET,COMPLETED,True
REM-00102,ALR-000590,INV-000373,2024-04-10 11:14:18.752709+00:00,2024-04-10 16:44:38.726440+00:00,USER_AWARENESS,COMPLETED,True
REM-00103,ALR-000600,INV-000380,2024-05-13 06:05:13.292622+00:00,,ISOLATION,REQUESTED,
REM-00104,ALR-000603,INV-000382,2024-05-11 15:30:21.772041+00:00,,CONFIG_CHANGE,IN_PROGRESS,
REM-00105,ALR-000604,INV-000383,2024-05-26 08:57:27.086103+00:00,2024-05-26 11:12:21.857034+00:00,CONFIG_CHANGE,COMPLETED,True
REM-00106,ALR-000609,INV-000387,2024-05-31 01:25:31.496473+00:00,2024-05-31 05:40:12.180830+00:00,CREDENTIAL_RESET,COMPLETED,True
REM-00107,ALR-000610,INV-000388,2024-05-17 08:43:18.801269+00:00,2024-05-17 10:31:16.625103+00:00,ISOLATION,COMPLETED,True
REM-00108,ALR-000612,INV-000389,2024-05-04 08:15:21.857135+00:00,2024-05-04 12:16:40.216053+00:00,ISOLATION,COMPLETED,True
REM-00109,ALR-000615,INV-000391,2024-05-02 10:30:59.833885+00:00,2024-05-02 16:37:53.832282+00:00,USER_AWARENESS,COMPLETED,True
REM-00110,ALR-000617,INV-000392,2024-05-16 02:31:01.650559+00:00,2024-05-16 04:04:23.346122+00:00,ISOLATION,COMPLETED,True
REM-00111,ALR-000622,INV-000396,2024-06-03 08:24:27.773848+00:00,2024-06-03 10:10:51.960727+00:00,BLOCK_INDICATOR,COMPLETED,False
REM-00112,ALR-000623,INV-000397,2024-06-04 04:08:13.176328+00:00,2024-06-04 08:45:06.175822+00:00,ISOLATION,COMPLETED,True
REM-00113,ALR-000629,INV-000401,2024-06-05 12:21:33.463345+00:00,,CREDENTIAL_RESET,REQUESTED,
REM-00114,ALR-000635,INV-000407,2024-01-25 10:39:31.208201+00:00,2024-01-25 12:49:45.213803+00:00,PATCH,COMPLETED,True
REM-00115,ALR-000637,INV-000409,2024-01-28 23:10:24.770638+00:00,2024-01-29 01:17:35.833196+00:00,USER_AWARENESS,COMPLETED,True
REM-00116,ALR-000643,INV-000411,2024-01-01 09:57:27.044396+00:00,2024-01-01 13:08:04.825891+00:00,BLOCK_INDICATOR,COMPLETED,True
REM-00117,ALR-000644,INV-000412,2024-01-21 11:19:49.929146+00:00,2024-01-21 13:34:07.762555+00:00,BLOCK_INDICATOR,COMPLETED,True
REM-00118,ALR-000656,INV-000416,2024-02-10 21:41:56.672633+00:00,2024-02-10 23:15:20.617484+00:00,PATCH,COMPLETED,True
REM-00119,ALR-000666,INV-000422,2024-02-19 00:38:56.248449+00:00,2024-02-19 05:55:03.000262+00:00,CONFIG_CHANGE,COMPLETED,True
REM-00120,ALR-000670,INV-000425,2024-02-07 20:37:13.259484+00:00,2024-02-07 22:35:36.982839+00:00,BLOCK_INDICATOR,COMPLETED,True
REM-00121,ALR-000675,INV-000428,2024-03-11 01:49:29.815206+00:00,2024-03-11 03:26:16.378955+00:00,ISOLATION,COMPLETED,True
REM-00122,ALR-000687,INV-000436,2024-04-08 05:39:38.495185+00:00,2024-04-08 09:24:27.543165+00:00,USER_AWARENESS,COMPLETED,True
REM-00123,ALR-000689,INV-000437,2024-04-06 09:07:24.777266+00:00,2024-04-06 11:46:26.856023+00:00,CONFIG_CHANGE,COMPLETED,True
REM-00124,ALR-000693,INV-000439,2024-04-02 17:36:44.320629+00:00,,ISOLATION,IN_PROGRESS,
REM-00125,ALR-000694,INV-000440,2024-04-27 01:26:35.360001+00:00,2024-04-27 02:20:06.472722+00:00,PATCH,COMPLETED,True
REM-00126,ALR-000697,INV-000442,2024-04-20 00:35:07.629477+00:00,2024-04-20 01:13:26.002372+00:00,BLOCK_INDICATOR,COMPLETED,True
REM-00127,ALR-000698,INV-000443,2024-04-05 17:45:48.511208+00:00,2024-04-05 21:47:03.166083+00:00,CREDENTIAL_RESET,COMPLETED,True
REM-00128,ALR-000699,INV-000444,2024-05-05 17:03:57.470657+00:00,2024-05-05 18:35:12.981120+00:00,PATCH,COMPLETED,True
REM-00129,ALR-000713,INV-000453,2024-06-11 19:42:47.307415+00:00,2024-06-11 21:02:03.217364+00:00,CREDENTIAL_RESET,FAILED,False
REM-00130,ALR-000716,INV-000454,2024-06-27 22:37:50.698665+00:00,2024-06-28 04:28:00.820101+00:00,BLOCK_INDICATOR,COMPLETED,True
REM-00131,ALR-000725,INV-000459,2024-06-15 06:08:00.404862+00:00,2024-06-15 07:36:35.850941+00:00,CONFIG_CHANGE,FAILED,False
REM-00132,ALR-000726,INV-000460,2024-06-14 21:27:35.321171+00:00,2024-06-15 00:11:03.107716+00:00,BLOCK_INDICATOR,COMPLETED,True
REM-00133,ALR-000736,INV-000464,2024-06-05 09:54:08.713598+00:00,,BLOCK_INDICATOR,IN_PROGRESS,
REM-00134,ALR-000748,INV-000471,2024-03-08 19:56:08.674340+00:00,2024-03-08 22:50:02.200753+00:00,CREDENTIAL_RESET,COMPLETED,True
REM-00135,ALR-000767,INV-000484,2024-05-22 15:29:10.732914+00:00,2024-05-22 16:55:11.120357+00:00,CONFIG_CHANGE,COMPLETED,True
